"类别","相对路径","字节数","SHA256"
"原始CSV","01_原始数据\E4_C2B_L1200_R1200_M2000g_S10mm_run01.csv","444636","37938CFBE092CF52FB156734CBA2BC734F0F0823E9A3EEF0AC11C20807A1A9EF"
"原始CSV","01_原始数据\E4_C2B_L1200_R1200_M2000g_S10mm_run02.csv","432815","A75A09553047069237B0C784A43B8F8C42EF3F2860772A76E2B1A1B3453A1BC0"
"原始CSV","01_原始数据\E4_C2B_L1200_R1200_M2000g_S10mm_run03.csv","446722","E74FEDAFCD8B0781973D72E7EC2D7EE0D857B9454206A970586F676F0EB1CABB"
"原始CSV","01_原始数据\E4_C2B_L1200_R1200_M2000g_S10mm_run04.csv","429971","A19E8E237A2F790CAB7DCB7D3401B927A597554C459F82DDCCE7027D95FA485E"
"原始CSV","01_原始数据\E4_C2B_L1200_R1200_M2000g_S10mm_run05.csv","439566","75365F5C4E6CDD65B5BAFE9D5F926CBA98ADC9D2484C27B85A72F48E7A00E31E"
"原始CSV","01_原始数据\E4_C2B_L1600_R800_M2000g_S10mm_run01.csv","432966","34B96C33B4522EA007B7FD2C3CC6143FDECA3FE8E035E5903D7DF34F048C332A"
"原始CSV","01_原始数据\E4_C2B_L1600_R800_M2000g_S10mm_run02.csv","433306","E268A838A15218B4434845593C9561B6CB2F9FF98194DB00FE3D2DA7EAB2F83D"
"原始CSV","01_原始数据\E4_C2B_L1600_R800_M2000g_S10mm_run03.csv","426832","8AB7FA2890CABB41E61106D9A47271CF9A0AD9B0978E1AE16DD8D76484561D65"
"原始CSV","01_原始数据\E4_C2B_L1600_R800_M2000g_S10mm_run04.csv","468390","047E0F987D5D6B2716B0093B81608B61591A741DD926CBE479059D0557938D52"
"原始CSV","01_原始数据\E4_C2B_L1600_R800_M2000g_S10mm_run05.csv","438429","E694CFA8585053203F05A275873F750D7BB1BD76F85D703389D51461A4A09C05"
"原始CSV","01_原始数据\E4_C2B_L800_R1600_M2000g_S10mm_run01.csv","438754","298339323899C5AD181442CFCEFFFB104A27ACFFB2AB6ECCE5A0EEBC5E2880ED"
"原始CSV","01_原始数据\E4_C2B_L800_R1600_M2000g_S10mm_run02.csv","437985","AC8F2A35DE73F19411C6C144FC4EF11076FDB63E3BDD80D78603664457586671"
"原始CSV","01_原始数据\E4_C2B_L800_R1600_M2000g_S10mm_run03.csv","447909","DF129C63160298EEF9A1B3D1B115BE05BDB3C33AE595D62E05F30353F98B2A1E"
"原始CSV","01_原始数据\E4_C2B_L800_R1600_M2000g_S10mm_run04.csv","437779","D507C61EB0754B5F2D03CD29705BF465387FD9937FE29F96BD758F8CBDBA66A9"
"原始CSV","01_原始数据\E4_C2B_L800_R1600_M2000g_S10mm_run05.csv","430381","175CD987B3B7792DF2376CB5D10C41AEE9FBE9C3FF6CFAF1743E09F8D92551C3"
"原始CSV","01_原始数据\E4_C2B_SA_L1200_R1200_M2000g_S10mm_run01.csv","429811","4B701B5F3C78CC75D8EBF6AA155D41D71EE7F92E9EE34EE5283D6F14521F6341"
"原始CSV","01_原始数据\E4_C2B_SA_L1200_R1200_M2000g_S10mm_run02.csv","404924","1C41125575EEEE9C70250756862BDDF4C8DEE06DFA00C93D271264E42EA226B2"
"原始CSV","01_原始数据\E4_C2B_SA_L1200_R1200_M2000g_S10mm_run03.csv","431028","8B32BF1B238914166F518CCCBCB930B701819048CE7A1B896FC708A3B184EB8F"
"原始CSV","01_原始数据\E4_C2B_SA_L1200_R1200_M2000g_S10mm_run04.csv","422370","B57BE3ED26A7A5FC1B2F9BE6F2EDC3CFF4E323C008BE750912385A39F12DE739"
"原始CSV","01_原始数据\E4_C2B_SA_L1200_R1200_M2000g_S10mm_run05.csv","429772","E82E91FDA4687B02BBF44B45C5226681D689D66ED6545BFA25D8FCB2AFA6667C"
"原始CSV","01_原始数据\E4_C2B_SA_L1600_R800_M2000g_S10mm_run01.csv","431776","BE6262FAF92F53387036FCA062E3267908CD6D803C3991F29F1BFE5BBBAACA29"
"原始CSV","01_原始数据\E4_C2B_SA_L1600_R800_M2000g_S10mm_run02.csv","425511","A7EA8BB407098F92A90BC569E21773F1DFA8C6C4E2566251B64D97462A4CBC7E"
"原始CSV","01_原始数据\E4_C2B_SA_L1600_R800_M2000g_S10mm_run03.csv","433463","59BB258B9C1573809F2F69618F3CB8C60CECAB8F6F20830C7A6D193FCBE3EA15"
"原始CSV","01_原始数据\E4_C2B_SA_L1600_R800_M2000g_S10mm_run04.csv","444593","B04AC69121D63789C629F90F068EB0FE81D733B7297C3C7D3E57EAD0969F0575"
"原始CSV","01_原始数据\E4_C2B_SA_L1600_R800_M2000g_S10mm_run05.csv","446402","53BD6887213406440BD03702662D8D7C70616C8788A7D272EDE29E9E4A8C50BB"
"原始CSV","01_原始数据\E4_C2B_SA_L800_R1600_M2000g_S10mm_run01.csv","440389","1FD9A00699FC3BB66B73E0BB85F8203901BC0082B3D21FA3BAC036B53AA257B7"
"原始CSV","01_原始数据\E4_C2B_SA_L800_R1600_M2000g_S10mm_run02.csv","433710","747DDF41647C5D4C7F7B62535C11EE84F522C3F551ABA57D2DCF221F6052A085"
"原始CSV","01_原始数据\E4_C2B_SA_L800_R1600_M2000g_S10mm_run03.csv","443838","045F969445A467F45029B86D3B89439F72CA0BE61FDC09EFDC89A639F893D3D0"
"原始CSV","01_原始数据\E4_C2B_SA_L800_R1600_M2000g_S10mm_run04.csv","433178","427A3577787925937D4058C159F7BB1E059FBB9D2D2363193CC98C53DCFED18D"
"原始CSV","01_原始数据\E4_C2B_SA_L800_R1600_M2000g_S10mm_run05.csv","425524","75AD8BEC011025A2A9CA93739D165E4963BD790099FF384C745F0324840707A2"
"原始CSV","01_原始数据\E4Q_C2B_L1200_R1200_M2000g_S10mm_qual01.csv","436839","E7764F74F881B5640A389178948E7C9BA2CB3CAE0B630243CCBE6A25289AED9B"
"原始CSV","01_原始数据\E4Q_C2B_L1600_R800_M2000g_S10mm_qual01.csv","451415","6FFB4287C0BD30E3B80554A98014F03CAFCCA0BE7CFE3A5FF02008601E977A15"
"原始CSV","01_原始数据\E4Q_C2B_L800_R1600_M2000g_S10mm_qual01.csv","428087","F2E7160275243EFB2A0C0DE4B0E4184485911BE4B45B4493DAA3BA3B62B1BC49"
"原始CSV","01_原始数据\E4Q_C2B_SA_L1200_R1200_M2000g_S10mm_qual01.csv","428077","2305C6D37BF28327A9C0AF5C87C279946EF1F55FAD1BCEE5E2B7E916C101F1DC"
"原始CSV","01_原始数据\E4Q_C2B_SA_L1600_R800_M2000g_S10mm_qual01.csv","438696","ADDA34AFDD9EABD8B736123865155B97447B512C31E2913E9EA4A41EE7007ED7"
"原始CSV","01_原始数据\E4Q_C2B_SA_L800_R1600_M2000g_S10mm_qual01.csv","443735","3FF73F1F606FDB748DDE816F71FFA7A4D966A720590946EB5092E3F86A9FA2D2"
"归档输出","00_说明文档\封档完成标志.txt","318","3BE4DB27CE5A2B2F52A7019F260E09703E22F4E9F0CAF2DD7559B48F0E13A19D"
"归档输出","00_说明文档\实验4正式实验结果与论文说明.docx","1262342","343D85168A82599F91EDF4353C1D7794B6AF40ED6C88A536E2E13F4C0B6A42DA"
"归档输出","02_处理后数据\E4_C2B_L1200_R1200_M2000g_S10mm_run01_clean.csv","359523","EF7B5D657CE87C977C39215A18AB29B47350108194E82B9990807CC4F7CD7B7D"
"归档输出","02_处理后数据\E4_C2B_L1200_R1200_M2000g_S10mm_run02_clean.csv","355817","A2BB78BAA404B82F74BFCE547EE39FD361B3ADC2F5086D8323F8A1F68DF508E1"
"归档输出","02_处理后数据\E4_C2B_L1200_R1200_M2000g_S10mm_run03_clean.csv","364603","917D8BC5469A743D4FBEC600E106346C77444231C079B98FC19C6A81638369AA"
"归档输出","02_处理后数据\E4_C2B_L1200_R1200_M2000g_S10mm_run04_clean.csv","350911","2D3B18DB8C4F9C03F85638687262D797C889DDDAE501B5E8915C1C34D77D2536"
"归档输出","02_处理后数据\E4_C2B_L1200_R1200_M2000g_S10mm_run05_clean.csv","369089","156E394612CCA82CEF7B38BD4687A96AB03A98958D2FADA6148CE69AB0A12FD9"
"归档输出","02_处理后数据\E4_C2B_L1600_R800_M2000g_S10mm_run01_clean.csv","349485","261D92DB00561FECC189859B22C1EDE9DDE5041CA48D2727CF61B6EF3864ECFF"
"归档输出","02_处理后数据\E4_C2B_L1600_R800_M2000g_S10mm_run02_clean.csv","351060","A32E052E73F06A9C6D4E6AFC98A44820E14BAC1A323E8B549D55EEAE2CCABDF6"
"归档输出","02_处理后数据\E4_C2B_L1600_R800_M2000g_S10mm_run03_clean.csv","351773","AC3C69FD4C452EF02C60095CF0C97B7982BB492E2EF070ABAAB6D23433A74193"
"归档输出","02_处理后数据\E4_C2B_L1600_R800_M2000g_S10mm_run04_clean.csv","384427","2328211712430881531DE1DA5D972CB52A372FEB5793B8CC4DF71B7794F04035"
"归档输出","02_处理后数据\E4_C2B_L1600_R800_M2000g_S10mm_run05_clean.csv","360776","FC1D53AE5D66B5461A3D4E8D045865D682931B475FA073A68A63635919C296F9"
"归档输出","02_处理后数据\E4_C2B_L800_R1600_M2000g_S10mm_run01_clean.csv","364246","7AC7712CBCFC146CB363A28BA2B054965FAC8EE96A58921DAD9CD317968A8BC2"
"归档输出","02_处理后数据\E4_C2B_L800_R1600_M2000g_S10mm_run02_clean.csv","356023","0333D73BEC64CA6804B9A827E136F022D3383FAF1CED2F91832C17F3954F1576"
"归档输出","02_处理后数据\E4_C2B_L800_R1600_M2000g_S10mm_run03_clean.csv","364650","3D206CB2D3A9BA40AC9C687C24179840ACF184302300AB8695475E21C6748AA1"
"归档输出","02_处理后数据\E4_C2B_L800_R1600_M2000g_S10mm_run04_clean.csv","356466","E4B53E4A8E9402388481CD46032E315E40AA862CF02DD7EC3AFC44F48B2F44F2"
"归档输出","02_处理后数据\E4_C2B_L800_R1600_M2000g_S10mm_run05_clean.csv","359924","DD84EE5E1E55C5335627477908C29B16BF3E069C28E5C700F2713009D6B4A950"
"归档输出","02_处理后数据\E4_C2B_SA_L1200_R1200_M2000g_S10mm_run01_clean.csv","362734","C1DA82ED568FFB6ED6C1425EA7ED848032C65AFED3C3B817E7D90529013E1FCC"
"归档输出","02_处理后数据\E4_C2B_SA_L1200_R1200_M2000g_S10mm_run02_clean.csv","348583","D9E200C17E2E6E4EFED3F07DA73C95CF4E86C1BADE2738D85F679F3B6ECA7D6C"
"归档输出","02_处理后数据\E4_C2B_SA_L1200_R1200_M2000g_S10mm_run03_clean.csv","363725","CABC734F40E8267D0FDB8D249E777E17DD8D8492E1B433A4DD72F07C865B4611"
"归档输出","02_处理后数据\E4_C2B_SA_L1200_R1200_M2000g_S10mm_run04_clean.csv","351651","0D4FC312C99C3458E144D3BCBD7B0AF0756F18FFA89565B8161DEBBCE8BC4F5D"
"归档输出","02_处理后数据\E4_C2B_SA_L1200_R1200_M2000g_S10mm_run05_clean.csv","364787","C5D607050593CC3DEB77598D86611040A7F7E95348A7E1CAA3BBDF758EA8A8FE"
"归档输出","02_处理后数据\E4_C2B_SA_L1600_R800_M2000g_S10mm_run01_clean.csv","360609","99D82C11BF11BCF1214813D0D6EAE6D0E2057F3432408B639F43E39F326DB90F"
"归档输出","02_处理后数据\E4_C2B_SA_L1600_R800_M2000g_S10mm_run02_clean.csv","352701","117287116664943DE978F3646129C253758129535FEE425B6DF11D536080A43A"
"归档输出","02_处理后数据\E4_C2B_SA_L1600_R800_M2000g_S10mm_run03_clean.csv","360008","7443B8216E4938E9D49F055B459ABEC352CB913F7568E11719C9446F2B959E03"
"归档输出","02_处理后数据\E4_C2B_SA_L1600_R800_M2000g_S10mm_run04_clean.csv","368478","203218E540D916DC5AC644C4F048824D01D71DF28DFD67FCF82852F86394E7AC"
"归档输出","02_处理后数据\E4_C2B_SA_L1600_R800_M2000g_S10mm_run05_clean.csv","376124","0A380EABE955E1984390AD52764073DB65E65A9187BA30698733ECBD83BF4231"
"归档输出","02_处理后数据\E4_C2B_SA_L800_R1600_M2000g_S10mm_run01_clean.csv","361857","9040A9DF068AD91711EED374DAB3C98065EE2052AF2553B4F8C995A8E83E7FFF"
"归档输出","02_处理后数据\E4_C2B_SA_L800_R1600_M2000g_S10mm_run02_clean.csv","357571","C7070BE89D4831FEFD56808D81F658EAC9F9D8EA6EE79EA9F89845E2A8B210B8"
"归档输出","02_处理后数据\E4_C2B_SA_L800_R1600_M2000g_S10mm_run03_clean.csv","373301","E9FC728A129A7C35B7048BC875F75760498D24FE451DDB778BFB55D8FB42EFC3"
"归档输出","02_处理后数据\E4_C2B_SA_L800_R1600_M2000g_S10mm_run04_clean.csv","360701","57F60C0BD383ABE62B54C6CA1988215E7C8DE06D32404144C6FF4361474395D6"
"归档输出","02_处理后数据\E4_C2B_SA_L800_R1600_M2000g_S10mm_run05_clean.csv","352508","4BB2CE82781642A680FD5CDBB45444334241F40F52609F759B2B346E1DE4C8F9"
"归档输出","03_统计汇总\实验4分组统计.csv","8625","E6850B2B98CD2ED491B8FC2B4A80C09ED69C4E55F1E6D2816364DB7723459E53"
"归档输出","03_统计汇总\实验4工作簿数据.json","162772","156790F947CF81924151890FEE1B032463CC640D7AEE732C959AA8044AB96FC9"
"归档输出","03_统计汇总\实验4实际采集顺序.csv","17816","CF6363D05EF671ED88BB5E01AEE8179A87C6597D99732616E1D22337728F707F"
"归档输出","03_统计汇总\实验4统计汇总.xlsx","22428","6B4D1CD0C1D25F63273ED53C79B1967E680D546D50BB4FE1ACA0D5D652FE015A"
"归档输出","03_统计汇总\实验4效应对比.csv","5350","039729C3EE1F33DE4678FFE7988263284EF04B1A6B40F5A825616AC32FB5029E"
"归档输出","03_统计汇总\实验4协议与质量结论.json","426","E9E176E494B44B60EE13E4A0F1085C20977733387FB59A97F32E1658D11E28FE"
"归档输出","03_统计汇总\实验4逐次指标.csv","16131","5C2275E55BEAB15C06BB4BA0078CEEF9FD74CFA12DA5EA5CADC02D50DDD662F9"
"归档输出","03_统计汇总\实验4逐文件质量检查.csv","7025","5BB9DB2E44F361A50D25AF6C7C1814C5FAD849829DB740CE887139DD27D5FD02"
"归档输出","04_论文图\图1_六种条件跟踪与同步性能.png","82968","D45513C01E2FF0F6AE72E57ECA652B68EA848FDC2ABC54CDF4DB1391838FDA9F"
"归档输出","04_论文图\图2_饱和占比与控制量总变差.png","85198","29ECE6458B57012FF67DC9D4367640C55D8A56134BD41172EBDE5D83895DFBA7"
"归档输出","04_论文图\图3_代表运行误差与控制电流.png","826512","A6C1715263698C7188060803E9AA206A8018E5C1E03F1E4BD43B5D1E6D3DA37E"
"归档输出","04_论文图\图4_分配缺口与抗饱和状态.png","81072","AA0FC3BB7BF29D0343F27BE9FE632309F20C1F9B292119F704186BB93703E4FD"
"归档输出","04_论文图\图5_采集顺序中的电压与温度.png","223242","2207CA0982588915B00ADB3A6277426BED29CFBE1406500A24067C52BA8313F9"
"归档输出","05_实验代码\数据处理脚本\build_exp4_report.py","16048","0CDE3652EC67609EE4912471A2B1B85A8B453AAF9A5278FABCDC5F88B748225E"
"归档输出","05_实验代码\数据处理脚本\build_exp4_workbook.mjs","12238","4C45F30F3A396707AD74403AA5D0B627FC18C063176ECA52F839107B6426BC97"
"归档输出","05_实验代码\数据处理脚本\process_exp4_formal.py","26935","86206849C15E423144B88A7C56127FB6DCE47B66B379CD1161FE497BFDD72616"
