comparison,left_limit,right_limit,metric,baseline_mean,modified_mean,absolute_change,relative_change_pct
C2b-SyncAlloc vs C2b,1200,1200,tracking_rmse_mm,0.575160773574788,0.5637671962525411,-0.011393577322246884,-1.9809378256852526
C2b-SyncAlloc vs C2b,1200,1200,sync_rms_mm,0.11413039801527174,0.1046479348484679,-0.009482463166803831,-8.308446594162396
C2b-SyncAlloc vs C2b,1200,1200,sync_max_abs_mm,0.38060000000000016,0.39280000000000037,0.01220000000000021,3.205465055176092
C2b-SyncAlloc vs C2b,1200,1200,saturation_fraction_pct,21.473456121343446,21.690140845070424,0.21668472372697778,1.0090817356205877
C2b-SyncAlloc vs C2b,1200,1200,recovery_time_s,,0.01866733333333433,,
C2b-SyncAlloc vs C2b,1200,1200,control_total_variation_count,1240905.4,1334346.2,93440.80000000005,7.5300502359003385
C2b-SyncAlloc vs C2b,800,1600,tracking_rmse_mm,0.5843347653220607,0.5680664168180478,-0.01626834850401293,-2.78408020016514
C2b-SyncAlloc vs C2b,800,1600,sync_rms_mm,0.10369542083455066,0.10053662035833236,-0.003158800476218304,-3.0462294774407357
C2b-SyncAlloc vs C2b,800,1600,sync_max_abs_mm,0.3582000000000001,0.2922000000000001,-0.06599999999999995,-18.425460636515893
C2b-SyncAlloc vs C2b,800,1600,saturation_fraction_pct,29.46912242686891,24.576606980444318,-4.892515446424593,-16.602175577389332
C2b-SyncAlloc vs C2b,800,1600,recovery_time_s,0.01599966666666693,0.01599966666666693,0.0,0.0
C2b-SyncAlloc vs C2b,800,1600,control_total_variation_count,1343877.2,1272314.4,-71562.80000000005,-5.325099644521095
C2b-SyncAlloc vs C2b,1600,800,tracking_rmse_mm,0.523651242321327,0.5541227464550629,0.030471504133735894,5.819045515610126
C2b-SyncAlloc vs C2b,1600,800,sync_rms_mm,0.139028634984076,0.08537725405670057,-0.053651380927375425,-38.59016592770296
C2b-SyncAlloc vs C2b,1600,800,sync_max_abs_mm,0.5232000000000002,0.3234000000000001,-0.19980000000000014,-38.188073394495426
C2b-SyncAlloc vs C2b,1600,800,saturation_fraction_pct,43.195065604707835,36.728060671722645,-6.467004932985191,-14.971628917448273
C2b-SyncAlloc vs C2b,1600,800,recovery_time_s,0.0173333333333332,0.015999000000000763,-0.001334333333332438,-7.698076923071817
C2b-SyncAlloc vs C2b,1600,800,control_total_variation_count,1071967.6,1230504.8,158537.19999999995,14.789364902446673
C2B L800/R1600 vs balanced,800,1600,tracking_rmse_mm,0.575160773574788,0.5843347653220607,0.009173991747272736,1.5950308450720247
C2B L800/R1600 vs balanced,800,1600,sync_rms_mm,0.11413039801527174,0.10369542083455066,-0.010434977180721075,-9.143030570457464
C2B L800/R1600 vs balanced,800,1600,sync_max_abs_mm,0.38060000000000016,0.3582000000000001,-0.022400000000000087,-5.885444035733073
C2B L800/R1600 vs balanced,800,1600,saturation_fraction_pct,21.473456121343446,29.46912242686891,7.995666305525464,37.23511604439962
C2B L800/R1600 vs balanced,800,1600,recovery_time_s,,0.01599966666666693,,
C2B L800/R1600 vs balanced,800,1600,control_total_variation_count,1240905.4,1343877.2,102971.80000000005,8.298118454476873
C2B L1600/R800 vs balanced,1600,800,tracking_rmse_mm,0.575160773574788,0.523651242321327,-0.05150953125346103,-8.95567528594042
C2B L1600/R800 vs balanced,1600,800,sync_rms_mm,0.11413039801527174,0.139028634984076,0.024898236968804263,21.81560513393867
C2B L1600/R800 vs balanced,1600,800,sync_max_abs_mm,0.38060000000000016,0.5232000000000002,0.14260000000000006,37.46715712033631
C2B L1600/R800 vs balanced,1600,800,saturation_fraction_pct,21.473456121343446,43.195065604707835,21.72160948336439,101.15562842152035
C2B L1600/R800 vs balanced,1600,800,recovery_time_s,,0.0173333333333332,,
C2B L1600/R800 vs balanced,1600,800,control_total_variation_count,1240905.4,1071967.6,-168937.7999999998,-13.614075657983262
C2B_SA L800/R1600 vs balanced,800,1600,tracking_rmse_mm,0.5637671962525411,0.5680664168180478,0.0042992205655066895,0.762587925314626
C2B_SA L800/R1600 vs balanced,800,1600,sync_rms_mm,0.1046479348484679,0.10053662035833236,-0.004111314490135548,-3.9287105819037955
C2B_SA L800/R1600 vs balanced,800,1600,sync_max_abs_mm,0.39280000000000037,0.2922000000000001,-0.10060000000000024,-25.610997963340157
C2B_SA L800/R1600 vs balanced,800,1600,saturation_fraction_pct,21.690140845070424,24.576606980444318,2.886466135373894,13.307733481269251
C2B_SA L800/R1600 vs balanced,800,1600,recovery_time_s,0.01866733333333433,0.01599966666666693,-0.002667666666667401,-14.290561051394192
C2B_SA L800/R1600 vs balanced,800,1600,control_total_variation_count,1334346.2,1272314.4,-62031.80000000005,-4.648853498439914
C2B_SA L1600/R800 vs balanced,1600,800,tracking_rmse_mm,0.5637671962525411,0.5541227464550629,-0.00964444979747825,-1.7107149656075396
C2B_SA L1600/R800 vs balanced,1600,800,sync_rms_mm,0.1046479348484679,0.08537725405670057,-0.01927068079176733,-18.41477408959061
C2B_SA L1600/R800 vs balanced,1600,800,sync_max_abs_mm,0.39280000000000037,0.3234000000000001,-0.0694000000000003,-17.668024439918593
C2B_SA L1600/R800 vs balanced,1600,800,saturation_fraction_pct,21.690140845070424,36.728060671722645,15.037919826652221,69.33066933066932
C2B_SA L1600/R800 vs balanced,1600,800,recovery_time_s,0.01866733333333433,0.015999000000000763,-0.0026683333333335675,-14.294132352416476
C2B_SA L1600/R800 vs balanced,1600,800,control_total_variation_count,1334346.2,1230504.8,-103841.3999999999,-7.782193256892395
