file,valid,issues,notes,source_rows,rows,discarded_prefix_rows,discarded_suffix_rows,columns,seq_consecutive_pct,median_dt_ms,active_max_dt_ms,phase_path,fault_max,controller_id,left_limit,right_limit,load_kg,sync_max_abs_mm,temperature_max_C,final_tracking_error_mm,final_sync_error_mm
E4_C2B_L1200_R1200_M2000g_S10mm_run01.csv,True,,舍弃开头1帧VOFA历史数据,1442,1441,1,0,31,100.0,16.000999999999266,20.0010000000006,0→1→2→3→4→5→6,0,3,1200,1200,2.0,0.33600000000000124,57.0,0.03200000000000001,-0.118
E4_C2B_L1200_R1200_M2000g_S10mm_run02.csv,True,,舍弃开头1帧VOFA历史数据,1402,1401,1,0,31,100.0,16.000999999999266,20.0010000000006,0→1→2→3→4→5→6,0,3,1200,1200,2.0,0.5899999999999999,29.0,0.20650000000000004,-0.11100000000000002
E4_C2B_L1200_R1200_M2000g_S10mm_run03.csv,True,,,1449,1449,0,0,31,100.0,16.000999999999266,20.0010000000006,0→1→2→3→4→5→6,0,3,1200,1200,2.0,0.34400000000000014,47.0,0.5429999999999999,0.13399999999999995
E4_C2B_L1200_R1200_M2000g_S10mm_run04.csv,True,,,1392,1392,0,0,31,100.0,16.000999999999266,20.0010000000006,0→1→2→3→4→5→6,0,3,1200,1200,2.0,0.36899999999999955,46.0,-0.6605000000000001,0.055000000000000035
E4_C2B_L1200_R1200_M2000g_S10mm_run05.csv,True,,,1420,1420,0,0,31,100.0,16.000999999999266,20.0010000000006,0→1→2→3→4→5→6,0,3,1200,1200,2.0,0.26400000000000035,50.0,0.35150000000000003,-0.21099999999999997
E4_C2B_L1600_R800_M2000g_S10mm_run01.csv,True,,舍弃开头1帧VOFA历史数据,1411,1410,1,0,31,100.0,16.000999999999266,20.0010000000006,0→1→2→3→4→5→6,0,3,1600,800,2.0,0.44300000000000067,47.0,0.5575,-0.16699999999999998
E4_C2B_L1600_R800_M2000g_S10mm_run02.csv,True,,舍弃开头1帧VOFA历史数据,1411,1410,1,0,31,100.0,16.000999999999266,20.0010000000006,0→1→2→3→4→5→6,0,3,1600,800,2.0,0.40600000000000014,46.0,0.503,-0.003999999999999989
E4_C2B_L1600_R800_M2000g_S10mm_run03.csv,True,,舍弃开头1帧VOFA历史数据,1381,1380,1,0,31,100.0,16.000999999999266,20.0010000000006,0→1→2→3→4→5→6,0,3,1600,800,2.0,0.38099999999999984,48.0,0.5189999999999999,-0.060000000000000046
E4_C2B_L1600_R800_M2000g_S10mm_run04.csv,True,,,1529,1529,0,0,31,99.93455497382199,16.000999999999266,35.99999999999959,0→1→2→3→4→5→6,0,3,1600,800,2.0,0.9650000000000005,47.0,0.7955,-0.028999999999999946
E4_C2B_L1600_R800_M2000g_S10mm_run05.csv,True,,,1423,1423,0,0,31,99.929676511955,16.000999999999266,20.0010000000006,0→1→2→3→4→5→6,0,3,1600,800,2.0,0.42099999999999993,49.0,-0.164,-0.11200000000000002
E4_C2B_L800_R1600_M2000g_S10mm_run01.csv,True,,,1424,1424,0,0,31,100.0,16.000999999999266,20.0010000000006,0→1→2→3→4→5→6,0,3,800,1600,2.0,0.325,48.0,-0.5599999999999999,0.09999999999999994
E4_C2B_L800_R1600_M2000g_S10mm_run02.csv,True,,,1423,1423,0,0,31,100.0,16.000999999999266,20.0010000000006,0→1→2→3→4→5→6,0,3,800,1600,2.0,0.39400000000000024,53.0,-0.886,0.142
E4_C2B_L800_R1600_M2000g_S10mm_run03.csv,True,,,1458,1458,0,0,31,100.0,16.000999999999266,20.0010000000006,0→1→2→3→4→5→6,0,3,800,1600,2.0,0.42600000000000016,51.0,-0.596,0.16199999999999992
E4_C2B_L800_R1600_M2000g_S10mm_run04.csv,True,,,1423,1423,0,0,31,100.0,16.000999999999266,20.0010000000006,0→1→2→3→4→5→6,0,3,800,1600,2.0,0.34099999999999997,50.0,0.3655,-0.183
E4_C2B_L800_R1600_M2000g_S10mm_run05.csv,True,,舍弃开头1帧VOFA历史数据,1397,1396,1,0,31,100.0,16.000999999999266,20.0010000000006,0→1→2→3→4→5→6,0,3,800,1600,2.0,0.305,30.0,-0.87,0.14400000000000002
E4_C2B_SA_L1200_R1200_M2000g_S10mm_run01.csv,True,,,1378,1378,0,0,31,100.0,16.000999999999266,20.0010000000006,0→1→2→3→4→5→6,0,4,1200,1200,2.0,0.46900000000000014,60.0,0.7329999999999999,0.09199999999999996
E4_C2B_SA_L1200_R1200_M2000g_S10mm_run02.csv,True,,舍弃开头1帧VOFA历史数据,1300,1299,1,0,31,100.0,16.000999999999266,20.0010000000006,0→1→2→3→4→5→6,0,4,1200,1200,2.0,0.2719999999999997,27.0,0.8595,-0.12699999999999995
E4_C2B_SA_L1200_R1200_M2000g_S10mm_run03.csv,True,,舍弃开头1帧VOFA历史数据,1386,1385,1,0,31,100.0,16.000999999999266,20.0010000000006,0→1→2→3→4→5→6,0,4,1200,1200,2.0,0.33900000000000075,49.0,0.743,-0.08999999999999991
E4_C2B_SA_L1200_R1200_M2000g_S10mm_run04.csv,True,,舍弃开头1帧VOFA历史数据,1361,1360,1,0,31,100.0,16.000999999999266,20.0010000000006,0→1→2→3→4→5→6,0,4,1200,1200,2.0,0.3709999999999998,28.0,0.7290000000000001,-0.044000000000000095
E4_C2B_SA_L1200_R1200_M2000g_S10mm_run05.csv,True,,舍弃开头1帧VOFA历史数据,1381,1380,1,0,31,100.0,16.000999999999266,20.0010000000006,0→1→2→3→4→5→6,0,4,1200,1200,2.0,0.5130000000000013,28.0,-0.625,0.116
E4_C2B_SA_L1600_R800_M2000g_S10mm_run01.csv,True,,舍弃开头1帧VOFA历史数据,1394,1393,1,0,31,100.0,16.000999999999266,20.0010000000006,0→1→2→3→4→5→6,0,4,1600,800,2.0,0.49800000000000016,28.0,0.7969999999999999,0.116
E4_C2B_SA_L1600_R800_M2000g_S10mm_run02.csv,True,,,1375,1375,0,0,31,100.0,16.000999999999266,20.0010000000006,0→1→2→3→4→5→6,0,4,1600,800,2.0,0.2739999999999999,46.0,0.7060000000000001,-0.03399999999999996
E4_C2B_SA_L1600_R800_M2000g_S10mm_run03.csv,True,,,1399,1399,0,0,31,100.0,16.000999999999266,20.0010000000006,0→1→2→3→4→5→6,0,4,1600,800,2.0,0.3300000000000004,46.0,0.384,-0.034000000000000016
E4_C2B_SA_L1600_R800_M2000g_S10mm_run04.csv,True,,舍弃开头1帧VOFA历史数据,1436,1435,1,0,31,99.9302649930265,16.000999999999266,20.0010000000006,0→1→2→3→4→5→6,0,4,1600,800,2.0,0.26999999999999996,29.0,0.7929999999999999,-0.06400000000000004
E4_C2B_SA_L1600_R800_M2000g_S10mm_run05.csv,True,,,1440,1440,0,0,31,100.0,16.000999999999266,20.0010000000006,0→1→2→3→4→5→6,0,4,1600,800,2.0,0.245,46.0,0.3575,0.007000000000000008
E4_C2B_SA_L800_R1600_M2000g_S10mm_run01.csv,True,,舍弃开头1帧VOFA历史数据,1427,1426,1,0,31,100.0,16.000999999999266,20.0010000000006,0→1→2→3→4→5→6,0,4,800,1600,2.0,0.299,55.0,0.31099999999999994,0.08199999999999999
E4_C2B_SA_L800_R1600_M2000g_S10mm_run02.csv,True,,,1405,1405,0,0,31,99.92877492877493,16.000999999999266,20.0010000000006,0→1→2→3→4→5→6,0,4,800,1600,2.0,0.26400000000000035,46.0,-0.8055,0.06900000000000005
E4_C2B_SA_L800_R1600_M2000g_S10mm_run03.csv,True,,,1434,1434,0,0,31,99.86043265875784,16.000999999999266,32.00000000000003,0→1→2→3→4→5→6,0,4,800,1600,2.0,0.3480000000000002,46.0,-0.6169999999999999,0.10999999999999996
E4_C2B_SA_L800_R1600_M2000g_S10mm_run04.csv,True,,,1397,1397,0,0,31,100.0,16.000999999999266,20.0010000000006,0→1→2→3→4→5→6,0,4,800,1600,2.0,0.27899999999999997,49.0,-0.6375000000000001,0.1730000000000001
E4_C2B_SA_L800_R1600_M2000g_S10mm_run05.csv,True,,舍弃开头1帧VOFA历史数据,1377,1376,1,0,31,100.0,16.000999999999266,20.0010000000006,0→1→2→3→4→5→6,0,4,800,1600,2.0,0.2710000000000001,27.0,0.851,-0.006000000000000037
