actual_sequence,file,condition_code,controller_code,controller,controller_id,sync_alloc,left_limit,right_limit,asymmetry_code,run,source_rows,rows,discarded_prefix_rows,discarded_suffix_rows,duration_s,median_dt_ms,max_dt_ms,active_max_dt_ms,seq_consecutive_pct,tracking_rmse_mm,tracking_max_abs_mm,sync_rms_mm,sync_max_abs_mm,saturation_fraction_pct,saturation_duration_s,allocator_fraction_pct,allocator_duration_s,recovery_time_s,control_total_variation_count,current_effort_count_s,request_peak_count,applied_left_peak_count,applied_right_peak_count,feedback_peak_count,z_aw_peak_count,delta_alloc_peak_count,battery_mean_V,battery_min_V,battery_max_V,temperature_left_max_C,temperature_right_max_C,final_tracking_error_mm,final_sync_error_mm,fault_max,valid,issues,notes,expected_file,order_match,acquisition_index
1,E4_C2B_SA_L800_R1600_M2000g_S10mm_run01.csv,C2B_SA_L800_R1600,C2B_SA,C2b-SyncAlloc,4,1,800,1600,L800_R1600,1,1427,1426,1,0,24.700001999999998,16.000999999999266,20.0010000000006,20.0010000000006,100.0,0.5671922545570145,1.4169999999999998,0.10788763666509135,0.299,24.37703141928494,3.871991000000035,24.37703141928494,3.871991000000035,,1232707.0,19049.984135000013,1784.816895,800.0,1600.0,1537.0,135.1922,881.025391,24.434983279803642,24.033295,24.778872,55.0,50.0,0.31099999999999994,0.08199999999999999,0,True,,舍弃开头1帧VOFA历史数据,E4_C2B_SA_L800_R1600_M2000g_S10mm_run01.csv,True,1
2,E4_C2B_SA_L800_R1600_M2000g_S10mm_run02.csv,C2B_SA_L800_R1600,C2B_SA,C2b-SyncAlloc,4,1,800,1600,L800_R1600,2,1405,1405,0,0,24.352,16.000999999999266,35.99899999999945,20.0010000000006,99.92877492877493,0.5424956528077218,1.1879999999999997,0.08821468076511912,0.26400000000000035,22.8602383531961,3.6599840000000015,22.8602383531961,3.6599840000000015,0.01600000000000179,1138302.0,16998.13561300002,1912.710938,800.0,1600.0,1557.0,236.617874,912.921265,24.432082308896796,24.090889,24.84622,46.0,39.0,-0.8055,0.06900000000000005,0,True,,,E4_C2B_SA_L1200_R1200_M2000g_S10mm_run01.csv,False,2
3,E4_C2B_SA_L800_R1600_M2000g_S10mm_run03.csv,C2B_SA_L800_R1600,C2B_SA,C2b-SyncAlloc,4,1,800,1600,L800_R1600,3,1434,1434,0,0,24.892001,16.000999999999266,52.00000000000004,32.00000000000003,99.86043265875784,0.5471792169341645,1.2959999999999998,0.10191445096027171,0.3480000000000002,21.0412147505423,3.3920100000000204,21.0412147505423,3.3920100000000204,,1307471.0,19586.330301,2024.95752,800.0,1600.0,1635.0,260.257233,1023.70874,24.421847705718275,24.058468,24.789238,46.0,39.0,-0.6169999999999999,0.10999999999999996,0,True,,,E4_C2B_SA_L1600_R800_M2000g_S10mm_run01.csv,False,3
4,E4_C2B_SA_L800_R1600_M2000g_S10mm_run04.csv,C2B_SA_L800_R1600,C2B_SA,C2b-SyncAlloc,4,1,800,1600,L800_R1600,4,1397,1397,0,0,24.195999999999998,16.000999999999266,20.0010000000006,20.0010000000006,100.0,0.6216295650054305,1.2274999999999994,0.10933296723683303,0.27899999999999997,32.17768147345612,5.1239920000000385,32.17768147345612,5.1239920000000385,0.01600000000000179,1499332.0,20610.705698000023,1913.265625,800.0,1600.0,1499.0,290.710236,931.376587,24.4165278904796,24.017382,24.761715,49.0,42.0,-0.6375000000000001,0.1730000000000001,0,True,,,E4_C2B_L1600_R800_M2000g_S10mm_run01.csv,False,4
5,E4_C2B_SA_L800_R1600_M2000g_S10mm_run05.csv,C2B_SA_L800_R1600,C2B_SA,C2b-SyncAlloc,4,1,800,1600,L800_R1600,5,1377,1376,1,0,23.836001,16.000999999999266,20.0010000000006,20.0010000000006,100.0,0.5618353947859072,1.2605,0.09533336616434646,0.2710000000000001,22.426868905742143,3.604013000000025,22.426868905742143,3.604013000000025,0.01599899999999721,1183760.0,18352.135622,2348.108398,800.0,1600.0,1536.0,433.405701,1189.875977,24.418836098837208,24.00095,24.854877,27.0,25.0,0.851,-0.006000000000000037,0,True,,舍弃开头1帧VOFA历史数据,E4_C2B_L1200_R1200_M2000g_S10mm_run01.csv,False,5
6,E4_C2B_SA_L1200_R1200_M2000g_S10mm_run01.csv,C2B_SA_L1200_R1200,C2B_SA,C2b-SyncAlloc,4,1,1200,1200,L1200_R1200,1,1378,1378,0,0,23.868001,16.000999999999266,20.0010000000006,20.0010000000006,100.0,0.5897763114165622,1.1875000000000002,0.11017684985900501,0.46900000000000014,24.702058504875406,3.976015999999994,24.702058504875406,3.976015999999994,,1423200.0,19978.743273000022,2375.844482,1200.0,1200.0,1174.0,284.929871,1175.844482,24.41586306966618,24.009167,24.854877,60.0,50.0,0.7329999999999999,0.09199999999999996,0,True,,,E4_C2B_L800_R1600_M2000g_S10mm_run01.csv,False,6
7,E4_C2B_SA_L1200_R1200_M2000g_S10mm_run02.csv,C2B_SA_L1200_R1200,C2B_SA,C2b-SyncAlloc,4,1,1200,1200,L1200_R1200,2,1300,1299,1,0,22.496002,16.000999999999266,20.0010000000006,20.0010000000006,100.0,0.5699034968012615,1.5894999999999997,0.09255965251720738,0.2719999999999997,21.668472372697725,3.455988000000003,21.668472372697725,3.455988000000003,0.0200010000000006,1263832.0,18967.017770000013,1898.846802,1200.0,1200.0,1204.0,178.337143,698.846924,24.41157104387991,24.049751,24.804436,27.0,25.0,0.8595,-0.12699999999999995,0,True,,舍弃开头1帧VOFA历史数据,E4_C2B_L1600_R800_M2000g_S10mm_run02.csv,False,7
8,E4_C2B_SA_L1200_R1200_M2000g_S10mm_run03.csv,C2B_SA_L1200_R1200,C2B_SA,C2b-SyncAlloc,4,1,1200,1200,L1200_R1200,3,1386,1385,1,0,23.988001999999998,16.000999999999266,20.0010000000006,20.0010000000006,100.0,0.5535037677469556,1.1645000000000005,0.10704571172494438,0.33900000000000075,20.910075839653306,3.372014000000002,20.910075839653306,3.372014000000002,,1343278.0,19434.37229199998,2265.34375,1200.0,1200.0,1258.0,186.752014,1065.34375,24.409395358844765,24.025066,24.795563,49.0,42.0,0.743,-0.08999999999999991,0,True,,舍弃开头1帧VOFA历史数据,E4_C2B_L1200_R1200_M2000g_S10mm_run02.csv,False,8
9,E4_C2B_SA_L1200_R1200_M2000g_S10mm_run04.csv,C2B_SA_L1200_R1200,C2B_SA,C2b-SyncAlloc,4,1,1200,1200,L1200_R1200,4,1361,1360,1,0,23.556002,16.000999999999266,20.0010000000006,20.0010000000006,100.0,0.5577585110142955,1.2815,0.10556762426808611,0.3709999999999998,19.501625135427954,3.0960029999999996,19.501625135427954,3.0960029999999996,0.0200010000000006,1326539.0,19195.057181000033,2190.679199,1200.0,1200.0,1203.0,153.110779,990.679199,24.404027791911766,24.000385,24.796335,28.0,25.0,0.7290000000000001,-0.044000000000000095,0,True,,舍弃开头1帧VOFA历史数据,E4_C2B_SA_L1200_R1200_M2000g_S10mm_run02.csv,False,9
10,E4_C2B_SA_L1200_R1200_M2000g_S10mm_run05.csv,C2B_SA_L1200_R1200,C2B_SA,C2b-SyncAlloc,4,1,1200,1200,L1200_R1200,5,1381,1380,1,0,23.904001,16.000999999999266,20.0010000000006,20.0010000000006,100.0,0.5478938942836311,1.139,0.10788983587309661,0.5130000000000013,21.668472372697725,3.4679999999999875,21.668472372697725,3.4679999999999875,0.01600000000000179,1314882.0,19948.98225599999,2283.800781,1200.0,1200.0,1340.0,196.616501,1083.800781,24.401611593478258,24.032772,24.754061,28.0,25.0,-0.625,0.116,0,True,,舍弃开头1帧VOFA历史数据,E4_C2B_SA_L1600_R800_M2000g_S10mm_run02.csv,False,10
11,E4_C2B_SA_L1600_R800_M2000g_S10mm_run01.csv,C2B_SA_L1600_R800,C2B_SA,C2b-SyncAlloc,4,1,1600,800,L1600_R800,1,1394,1393,1,0,24.128001,16.000999999999266,20.0010000000006,20.0010000000006,100.0,0.5360432197347696,1.3314999999999992,0.08826491077738392,0.49800000000000016,37.269772481040086,5.920000999999969,37.269772481040086,5.920000999999969,0.015999000000000763,1272017.0,18242.29778800001,2131.807861,1600.0,800.0,1165.0,300.917328,1130.146729,24.399086500358933,23.976,24.736494,28.0,25.0,0.7969999999999999,0.116,0,True,,舍弃开头1帧VOFA历史数据,E4_C2B_L800_R1600_M2000g_S10mm_run02.csv,False,11
12,E4_C2B_SA_L1600_R800_M2000g_S10mm_run02.csv,C2B_SA_L1600_R800,C2B_SA,C2b-SyncAlloc,4,1,1600,800,L1600_R800,2,1375,1375,0,0,23.816001,16.000999999999266,20.0010000000006,20.0010000000006,100.0,0.5303846582423064,1.1695,0.07705383577603811,0.2739999999999999,31.527627302275192,5.0480090000000075,31.527627302275192,5.0480090000000075,,1124043.0,17093.332618000004,2161.314453,1600.0,800.0,1268.0,346.632294,1361.314453,24.403329104727273,24.009441,24.863544,46.0,40.0,0.7060000000000001,-0.03399999999999996,0,True,,,E4_C2B_SA_L800_R1600_M2000g_S10mm_run02.csv,False,12
13,E4_C2B_SA_L1600_R800_M2000g_S10mm_run03.csv,C2B_SA_L1600_R800,C2B_SA,C2b-SyncAlloc,4,1,1600,800,L1600_R800,3,1399,1399,0,0,24.232001,16.000999999999266,20.0010000000006,20.0010000000006,100.0,0.5574446619995261,1.2390000000000005,0.08369492011648284,0.3300000000000004,37.70314192849404,5.988009999999976,37.70314192849404,5.988009999999976,0.01599899999999721,1329462.0,18483.450237999987,1974.338135,1600.0,800.0,1320.0,352.587097,1174.338379,24.403342564689066,24.089329,24.812792,46.0,39.0,0.384,-0.034000000000000016,0,True,,,E4_C2B_L800_R1600_M2000g_S10mm_run03.csv,False,13
14,E4_C2B_SA_L1600_R800_M2000g_S10mm_run04.csv,C2B_SA_L1600_R800,C2B_SA,C2b-SyncAlloc,4,1,1600,800,L1600_R800,4,1436,1435,1,0,24.892001,16.000999999999266,52.00000000000004,20.0010000000006,99.9302649930265,0.5926155795127704,1.5815000000000012,0.08937972725756696,0.26999999999999996,39.54496208017335,6.287984000000014,39.54496208017335,6.287984000000014,0.015998000000003287,1287990.0,18679.55640200001,2065.361328,1600.0,800.0,1233.0,330.683899,1265.361328,24.391174132404178,23.992157,24.753834,29.0,25.0,0.7929999999999999,-0.06400000000000004,0,True,,舍弃开头1帧VOFA历史数据,E4_C2B_SA_L1600_R800_M2000g_S10mm_run03.csv,False,14
15,E4_C2B_SA_L1600_R800_M2000g_S10mm_run05.csv,C2B_SA_L1600_R800,C2B_SA,C2b-SyncAlloc,4,1,1600,800,L1600_R800,5,1440,1440,0,0,24.944001,16.000999999999266,20.0010000000006,20.0010000000006,100.0,0.5541256127859417,1.5724999999999993,0.08849287635603112,0.245,37.594799566630556,5.9880080000000095,37.594799566630556,5.9880080000000095,0.01600000000000179,1139012.0,16605.11591899998,1892.913574,1600.0,800.0,1241.0,405.35791,1080.228638,24.398063849305558,24.081062,24.79582,46.0,39.0,0.3575,0.007000000000000008,0,True,,,E4_C2B_L1200_R1200_M2000g_S10mm_run03.csv,False,15
16,E4_C2B_L1600_R800_M2000g_S10mm_run01.csv,C2B_L1600_R800,C2B,C2b,3,0,1600,800,L1600_R800,1,1411,1410,1,0,24.424001,16.000999999999266,20.0010000000006,20.0010000000006,100.0,0.5511733767866877,1.2424999999999988,0.1357137266502549,0.44300000000000067,41.49512459371614,6.6959959999999885,0.0,0.0,0.0200010000000006,1019995.0,16254.580837999982,2320.283691,1600.0,800.0,1001.0,539.381592,0.0,24.402171522695035,24.06477,24.847099,47.0,43.0,0.5575,-0.16699999999999998,0,True,,舍弃开头1帧VOFA历史数据,E4_C2B_L1600_R800_M2000g_S10mm_run03.csv,False,16
17,E4_C2B_L1600_R800_M2000g_S10mm_run02.csv,C2B_L1600_R800,C2B,C2b,3,0,1600,800,L1600_R800,2,1411,1410,1,0,24.424001,16.000999999999266,20.0010000000006,20.0010000000006,100.0,0.5041597205601808,1.0434999999999997,0.13663626576581656,0.40600000000000014,40.30335861321777,6.399992999999988,0.0,0.0,,1069601.0,15721.972878999995,1968.571777,1600.0,800.0,1222.0,402.503784,0.0,24.39589200567376,24.016567,24.804701,46.0,39.0,0.503,-0.003999999999999989,0,True,,舍弃开头1帧VOFA历史数据,E4_C2B_SA_L800_R1600_M2000g_S10mm_run03.csv,False,17
18,E4_C2B_L1600_R800_M2000g_S10mm_run03.csv,C2B_L1600_R800,C2B,C2b,3,0,1600,800,L1600_R800,3,1381,1380,1,0,23.904,16.000999999999266,20.0010000000006,20.0010000000006,100.0,0.4735129359813856,1.2114999999999998,0.131380568341789,0.38099999999999984,45.82881906825569,7.315975999999981,0.0,0.0,0.01599899999999721,1148904.0,17448.647141999998,2056.499268,1600.0,800.0,1230.0,370.34494,0.0,24.400328305797103,24.056755,24.813332,48.0,40.0,0.5189999999999999,-0.060000000000000046,0,True,,舍弃开头1帧VOFA历史数据,E4_C2B_SA_L1200_R1200_M2000g_S10mm_run03.csv,False,18
19,E4_C2B_L1600_R800_M2000g_S10mm_run04.csv,C2B_L1600_R800,C2B,C2b,3,0,1600,800,L1600_R800,4,1529,1529,0,0,26.504001,16.000999999999266,35.99999999999959,35.99999999999959,99.93455497382199,0.549182591411388,1.411,0.15558986146003864,0.9650000000000005,45.22776572668113,7.252004000000028,0.0,0.0,0.01600000000000179,1066871.0,16558.812816999998,1909.223999,1600.0,800.0,1174.0,490.851196,0.0,24.400253323086982,23.968081,24.737577,47.0,40.0,0.7955,-0.028999999999999946,0,True,,,E4_C2B_SA_L1600_R800_M2000g_S10mm_run04.csv,False,19
20,E4_C2B_L1600_R800_M2000g_S10mm_run05.csv,C2B_L1600_R800,C2B,C2b,3,0,1600,800,L1600_R800,5,1423,1423,0,0,25.636001,16.000999999999266,1004.0,20.0010000000006,99.929676511955,0.5402275868669929,1.036,0.13582275270248095,0.42099999999999993,43.12026002166847,6.911982999999994,0.0,0.0,,1054467.0,16473.96455099997,2038.216309,1600.0,800.0,1102.0,399.454285,0.0,24.397283490512997,24.089329,24.721275,49.0,42.0,-0.164,-0.11200000000000002,0,True,,,E4_C2B_L1600_R800_M2000g_S10mm_run04.csv,False,20
21,E4_C2B_L1200_R1200_M2000g_S10mm_run01.csv,C2B_L1200_R1200,C2B,C2b,3,0,1200,1200,L1200_R1200,1,1442,1441,1,0,24.960002,16.000999999999266,20.0010000000006,20.0010000000006,100.0,0.5627769916296261,1.1019999999999996,0.11866074167264079,0.33600000000000124,19.718309859154928,3.1439970000000113,0.0,0.0,,1195256.0,19550.579898999993,2241.204102,1200.0,1200.0,1206.0,292.192902,0.0,24.402843537126998,24.097815,24.787971,47.0,57.0,0.03200000000000001,-0.118,0,True,,舍弃开头1帧VOFA历史数据,E4_C2B_SA_L1200_R1200_M2000g_S10mm_run04.csv,False,21
22,E4_C2B_L1200_R1200_M2000g_S10mm_run02.csv,C2B_L1200_R1200,C2B,C2b,3,0,1200,1200,L1200_R1200,2,1402,1401,1,0,24.268002,16.000999999999266,20.0010000000006,20.0010000000006,100.0,0.5763014436982328,1.1739999999999997,0.11773396291569956,0.5899999999999999,19.501625135427954,3.1559939999999784,0.0,0.0,,1192432.0,19671.624811,2158.123047,1200.0,1200.0,1232.0,373.483643,0.0,24.392286757316203,24.039471,24.829506,29.0,26.0,0.20650000000000004,-0.11100000000000002,0,True,,舍弃开头1帧VOFA历史数据,E4_C2B_SA_L800_R1600_M2000g_S10mm_run04.csv,False,22
23,E4_C2B_L1200_R1200_M2000g_S10mm_run03.csv,C2B_L1200_R1200,C2B,C2b,3,0,1200,1200,L1200_R1200,3,1449,1449,0,0,25.100002,16.000999999999266,20.0010000000006,20.0010000000006,100.0,0.5760036986289552,1.0819999999999996,0.11090479358186739,0.34400000000000014,20.801733477789817,3.328013999999982,0.0,0.0,,1270307.0,19664.16089999998,2092.89502,1200.0,1200.0,1180.0,243.685425,0.0,24.395230190476187,24.07303,24.847099,47.0,40.0,0.5429999999999999,0.13399999999999995,0,True,,,E4_C2B_L800_R1600_M2000g_S10mm_run04.csv,False,23
24,E4_C2B_L1200_R1200_M2000g_S10mm_run04.csv,C2B_L1200_R1200,C2B,C2b,3,0,1200,1200,L1200_R1200,4,1392,1392,0,0,24.112001,16.000999999999266,20.0010000000006,20.0010000000006,100.0,0.5778865093718455,1.1375,0.11867098557314423,0.36899999999999955,23.510292524377032,3.75999199999999,0.0,0.0,,1317525.0,18978.79382199997,2197.311035,1200.0,1200.0,1226.0,292.565735,0.0,24.389401876436782,23.968081,24.804962,46.0,39.0,-0.6605000000000001,0.055000000000000035,0,True,,,E4_C2B_L1200_R1200_M2000g_S10mm_run04.csv,True,24
25,E4_C2B_L1200_R1200_M2000g_S10mm_run05.csv,C2B_L1200_R1200,C2B,C2b,3,0,1200,1200,L1200_R1200,5,1420,1420,0,0,24.596002,16.000999999999266,20.0010000000006,20.0010000000006,100.0,0.5828352245452805,1.0790000000000002,0.10468150633300681,0.26400000000000035,23.8353196099675,3.8319940000000035,0.0,0.0,,1229007.0,19229.247247000018,2013.504395,1200.0,1200.0,1245.0,218.730835,0.0,24.384916545774647,24.041523,24.804701,50.0,42.0,0.35150000000000003,-0.21099999999999997,0,True,,,E4_C2B_SA_L1200_R1200_M2000g_S10mm_run05.csv,False,25
26,E4_C2B_L800_R1600_M2000g_S10mm_run01.csv,C2B_L800_R1600,C2B,C2b,3,0,800,1600,L800_R1600,1,1424,1424,0,0,24.664001,16.000999999999266,20.0010000000006,20.0010000000006,100.0,0.5923977308413316,1.2284999999999995,0.09631615510119676,0.325,27.518959913326114,4.420012,0.0,0.0,,1301073.0,18912.453652999982,2117.594238,800.0,1600.0,1468.0,268.007233,0.0,24.393678579353935,24.04925,24.804436,48.0,44.0,-0.5599999999999999,0.09999999999999994,0,True,,,E4_C2B_L1200_R1200_M2000g_S10mm_run05.csv,False,26
27,E4_C2B_L800_R1600_M2000g_S10mm_run02.csv,C2B_L800_R1600,C2B,C2b,3,0,800,1600,L800_R1600,2,1423,1423,0,0,24.648001999999998,16.000999999999266,20.0010000000006,20.0010000000006,100.0,0.5962842207246114,1.3705,0.10348327231475987,0.39400000000000024,30.552546045503792,4.908016000000005,0.0,0.0,0.01600000000000179,1434534.0,20591.67990400001,2306.404297,800.0,1600.0,1602.0,225.258835,0.0,24.38484689880534,23.943111,24.795563,53.0,44.0,-0.886,0.142,0,True,,,E4_C2B_SA_L1600_R800_M2000g_S10mm_run05.csv,False,27
28,E4_C2B_L800_R1600_M2000g_S10mm_run03.csv,C2B_L800_R1600,C2B,C2b,3,0,800,1600,L800_R1600,3,1458,1458,0,0,25.256002,16.000999999999266,20.0010000000006,20.0010000000006,100.0,0.5546144867141855,1.2069999999999999,0.1132393365646944,0.42600000000000016,25.568797399783318,4.088003999999982,0.0,0.0,0.01600000000000179,1267998.0,18619.043072000004,2443.867432,800.0,1600.0,1521.0,247.061356,0.0,24.38394418792867,24.042286,24.821699,51.0,43.0,-0.596,0.16199999999999992,0,True,,,E4_C2B_SA_L800_R1600_M2000g_S10mm_run05.csv,False,28
29,E4_C2B_L800_R1600_M2000g_S10mm_run04.csv,C2B_L800_R1600,C2B,C2b,3,0,800,1600,L800_R1600,4,1423,1423,0,0,24.648001999999998,16.000999999999266,20.0010000000006,20.0010000000006,100.0,0.5915124906068161,1.383,0.10430155672165788,0.34099999999999997,32.06933911159263,5.151974000000006,0.0,0.0,,1346140.0,18761.024880000008,1996.388428,800.0,1600.0,1507.0,233.517517,0.0,24.3736118981026,23.991579,24.78747,50.0,43.0,0.3655,-0.183,0,True,,,E4_C2B_L800_R1600_M2000g_S10mm_run05.csv,False,29
30,E4_C2B_L800_R1600_M2000g_S10mm_run05.csv,C2B_L800_R1600,C2B,C2b,3,0,800,1600,L800_R1600,5,1397,1396,1,0,24.180001,16.000999999999266,20.0010000000006,20.0010000000006,100.0,0.5868648977233588,1.1805,0.10113678347044441,0.305,31.63596966413868,5.096005000000021,0.0,0.0,0.01599899999999721,1369641.0,19979.97437699999,1791.290039,800.0,1600.0,1511.0,250.174057,0.0,24.376793308022922,23.983929,24.796335,30.0,26.0,-0.87,0.14400000000000002,0,True,,舍弃开头1帧VOFA历史数据,E4_C2B_L1600_R800_M2000g_S10mm_run05.csv,False,30
