Trial_ID,Subtest,RNG_Seed,True_Bias_L_count,True_Bias_R_count,Est_Bias_L_count,Est_Bias_R_count,Err_L_count,Err_R_count,Err_Trial_Max_count,Is_Calibrated,Calib_Mode,N_Eff_L,N_Eff_R,Within_P95_Threshold
1,A1_Nominal_Gaussian,20260928,-27.2122708213998,-25.8289467649797,-26.6439647600786,-25.984349158756,0.568306061321227,0.155402393776335,0.568306061321227,1,FROZEN,497,499,1
2,A1_Nominal_Gaussian,20260929,-11.5682885904352,23.8976439106539,-12.399281044521,23.0666090898348,0.830992454085845,0.831034820819063,0.831034820819063,1,FROZEN,500,498,1
3,A1_Nominal_Gaussian,20260930,-20.2452297037756,25.6005800137151,-21.0563249314099,25.0030632214604,0.811095227634297,0.59751679225478,0.811095227634297,1,FROZEN,499,499,1
4,A1_Nominal_Gaussian,20260931,6.33442604974554,26.5532681022608,6.63940543911922,27.1472310827051,0.304979389373686,0.593962980444349,0.593962980444349,1,FROZEN,499,498,1
5,A1_Nominal_Gaussian,20260932,0.761907028735081,-12.1567616374119,1.1648026013891,-13.0160831604292,0.402895572654023,0.859321523017261,0.859321523017261,1,FROZEN,495,498,1
6,A1_Nominal_Gaussian,20260933,-19.1335615043859,-18.3498441249922,-19.0785600573541,-17.8926400458041,0.0550014470317208,0.457204079188063,0.457204079188063,1,FROZEN,500,499,1
7,A1_Nominal_Gaussian,20260934,20.8239997337341,-28.9917350327955,20.5531781153555,-29.8192297127992,0.270821618378552,0.827494680003724,0.827494680003724,1,FROZEN,497,498,1
8,A1_Nominal_Gaussian,20260935,28.9404639137382,27.4835254703158,28.3998506376631,26.8015333694871,0.540613276075156,0.681992100828708,0.681992100828708,1,FROZEN,496,497,1
9,A1_Nominal_Gaussian,20260936,13.9840569077405,7.22777433273738,14.5573372293453,7.53173034199448,0.573280321604811,0.303956009257107,0.573280321604811,1,FROZEN,499,496,1
10,A1_Nominal_Gaussian,20260937,6.2783425230992,-3.87066029742182,7.33703884172693,-3.61104092959259,1.05869631862773,0.259619367829232,1.05869631862773,1,FROZEN,500,500,1
11,A1_Nominal_Gaussian,20260938,7.47178915252938,-8.03518458281754,7.45974036229785,-9.14449512124099,0.0120487902315229,1.10931053842345,1.10931053842345,1,FROZEN,500,499,1
12,A1_Nominal_Gaussian,20260939,-14.8749718158833,-26.2257755297819,-13.3556847971972,-25.5573858082259,1.51928701868616,0.668389721556032,1.51928701868616,1,FROZEN,496,493,1
13,A1_Nominal_Gaussian,20260940,25.4766776345177,15.3048588817063,25.7016808484634,15.5407133278158,0.225003213945637,0.235854446109432,0.235854446109432,1,FROZEN,498,499,1
14,A1_Nominal_Gaussian,20260941,-12.2976348994442,-5.43811353081446,-12.1433885947179,-5.31396431535107,0.154246304726325,0.124149215463388,0.154246304726325,1,FROZEN,497,500,1
15,A1_Nominal_Gaussian,20260942,9.21458259858225,-13.6812793545454,8.72133979180062,-13.5842741970482,0.493242806781623,0.0970051574972466,0.493242806781623,1,FROZEN,500,499,1
16,A1_Nominal_Gaussian,20260943,16.6183785533702,24.3255417574253,16.925225907358,25.2935194321517,0.306847353987756,0.967977674726416,0.967977674726416,1,FROZEN,497,499,1
17,A1_Nominal_Gaussian,20260944,-22.0610411409554,-6.92140830144082,-22.1274995152783,-7.09788936190989,0.0664583743229059,0.176481060469066,0.176481060469066,1,FROZEN,500,499,1
18,A1_Nominal_Gaussian,20260945,23.0263687641529,-27.6828498296883,23.006032960267,-27.3392849658587,0.020335803885942,0.343564863829528,0.343564863829528,1,FROZEN,500,499,1
19,A1_Nominal_Gaussian,20260946,9.89016773531866,4.83446263605313,9.55063618039379,5.60979059079814,0.339531554924868,0.775327954745008,0.775327954745008,1,FROZEN,500,500,1
20,A1_Nominal_Gaussian,20260947,6.28371192883611,4.52483183610669,5.64476290893625,4.50508263026842,0.638949019899863,0.0197492058382682,0.638949019899863,1,FROZEN,499,500,1
21,A1_Nominal_Gaussian,20260948,3.24892111636844,8.33158035682998,3.77588026526848,8.19488162862165,0.526959148900037,0.13669872820833,0.526959148900037,1,FROZEN,498,498,1
22,A1_Nominal_Gaussian,20260949,-19.5947764945049,-15.8033967246563,-19.4806101935585,-15.1776320161429,0.11416630094644,0.625764708513408,0.625764708513408,1,FROZEN,499,498,1
23,A1_Nominal_Gaussian,20260950,20.5268188225434,10.6961786829639,21.0080309646902,11.0451763012014,0.481212142146731,0.348997618237437,0.481212142146731,1,FROZEN,496,496,1
24,A1_Nominal_Gaussian,20260951,7.33740340889283,-19.321744705196,7.46676013082287,-19.4126982240892,0.12935672193004,0.0909535188932153,0.12935672193004,1,FROZEN,500,498,1
25,A1_Nominal_Gaussian,20260952,-15.8838362498769,-19.3651019069218,-16.139456851893,-19.124497533831,0.255620602016098,0.24060437309079,0.255620602016098,1,FROZEN,500,498,1
26,A1_Nominal_Gaussian,20260953,-19.2778495764189,9.87395768476677,-18.6308590934777,9.48897499160614,0.646990482941188,0.384982693160635,0.646990482941188,1,FROZEN,498,497,1
27,A1_Nominal_Gaussian,20260954,-10.4432626897012,1.39717683507163,-10.6902806473014,2.37043398998835,0.247017957600185,0.973257154916721,0.973257154916721,1,FROZEN,499,499,1
28,A1_Nominal_Gaussian,20260955,13.0555081943386,-17.5667736400634,12.6399842918049,-18.9275329420202,0.415523902533725,1.36075930195673,1.36075930195673,1,FROZEN,498,500,1
29,A1_Nominal_Gaussian,20260956,4.65389461341091,24.2045766568959,5.24734176065041,24.9737725972976,0.593447147239509,0.769195940401708,0.769195940401708,1,FROZEN,499,500,1
30,A1_Nominal_Gaussian,20260957,-18.5451846563467,17.8342014378534,-18.3183386750761,17.9233415326697,0.226845981270547,0.0891400948162904,0.226845981270547,1,FROZEN,498,497,1
31,A1_Nominal_Gaussian,20260958,-3.4420104365501,5.6853026835205,-3.1139158596582,4.74203195968113,0.328094576891895,0.943270723839364,0.943270723839364,1,FROZEN,497,500,1
32,A1_Nominal_Gaussian,20260959,19.5771948185837,-18.3423517106678,19.612321940847,-17.9609795233015,0.0351271222633045,0.381372187366317,0.381372187366317,1,FROZEN,497,496,1
33,A1_Nominal_Gaussian,20260960,-19.6660837774278,-2.41585491561863,-18.9851590214102,-2.64729549870657,0.680924756017607,0.231440583087944,0.680924756017607,1,FROZEN,499,499,1
34,A1_Nominal_Gaussian,20260961,-4.61857515995349,-28.824772319894,-4.02260839365331,-29.3098166075202,0.595966766300182,0.485044287626263,0.595966766300182,1,FROZEN,499,498,1
35,A1_Nominal_Gaussian,20260962,-20.5244557825335,-21.5135305130692,-20.0498210438071,-21.6862542397484,0.474634738726376,0.172723726679273,0.474634738726376,1,FROZEN,497,497,1
36,A1_Nominal_Gaussian,20260963,27.616844758312,2.96060782770565,27.9019777917271,3.76137639730522,0.28513303341504,0.800768569599574,0.800768569599574,1,FROZEN,499,499,1
37,A1_Nominal_Gaussian,20260964,-27.6437675620567,-13.8451864149819,-27.6954031141371,-14.6607128122282,0.051635552080441,0.815526397246209,0.815526397246209,1,FROZEN,499,500,1
38,A1_Nominal_Gaussian,20260965,-10.5494909786895,-16.2808625721235,-11.9435195304662,-15.4057317657423,1.39402855177661,0.875130806381211,1.39402855177661,1,FROZEN,499,500,1
39,A1_Nominal_Gaussian,20260966,-17.858926388095,-7.22797692100904,-18.6004573402666,-6.59090802943285,0.741530952171594,0.637068891576192,0.741530952171594,1,FROZEN,498,499,1
40,A1_Nominal_Gaussian,20260967,26.0988446707209,16.4578317439612,25.8441335641836,16.3892099811739,0.254711106537258,0.0686217627872487,0.254711106537258,1,FROZEN,499,498,1
41,A1_Nominal_Gaussian,20260968,25.2067838997906,13.9331396685131,24.9612055994308,13.4103437174125,0.245578300359789,0.522795951100665,0.522795951100665,1,FROZEN,500,500,1
42,A1_Nominal_Gaussian,20260969,-22.6848013939206,-22.7694227257583,-21.7328651780421,-22.7621765931939,0.951936215878579,0.00724613256441842,0.951936215878579,1,FROZEN,499,499,1
43,A1_Nominal_Gaussian,20260970,4.09427684295986,-6.51517454792587,4.72172388365921,-6.5863350656503,0.627447040699349,0.0711605177244357,0.627447040699349,1,FROZEN,500,499,1
44,A1_Nominal_Gaussian,20260971,-7.11154875920869,-2.96774943348235,-6.9760843025069,-3.16938604244052,0.135464456701794,0.201636608958175,0.201636608958175,1,FROZEN,500,499,1
45,A1_Nominal_Gaussian,20260972,4.3398451619251,-9.81915761306558,4.12013370250086,-10.3870527205678,0.21971145942424,0.567895107502199,0.567895107502199,1,FROZEN,499,499,1
46,A1_Nominal_Gaussian,20260973,-25.2071343700669,-20.7234855937475,-25.8227004522527,-20.7538132487032,0.615566082185779,0.0303276549557552,0.615566082185779,1,FROZEN,499,500,1
47,A1_Nominal_Gaussian,20260974,13.3375689135844,-25.9983308081033,12.6587626893056,-26.5915299145502,0.678806224278809,0.593199106446921,0.678806224278809,1,FROZEN,499,498,1
48,A1_Nominal_Gaussian,20260975,1.21417129708853,-1.88106377610513,1.43734607716758,-1.86491030858416,0.223174780079056,0.016153467520968,0.223174780079056,1,FROZEN,499,497,1
49,A1_Nominal_Gaussian,20260976,16.7893356357221,11.2437580033383,17.2387280975767,11.4190667594316,0.449392461854639,0.175308756093225,0.449392461854639,1,FROZEN,499,499,1
50,A1_Nominal_Gaussian,20260977,-23.7448953927498,14.4730853574146,-24.3041813769613,15.4107959557067,0.559285984211563,0.937710598292126,0.937710598292126,1,FROZEN,500,497,1
51,A1_Nominal_Gaussian,20260978,-4.32632621204051,-17.4415852466562,-4.93098447091487,-16.5771067980064,0.604658258874364,0.864478448649741,0.864478448649741,1,FROZEN,498,497,1
52,A1_Nominal_Gaussian,20260979,0.909001615995525,-16.9684322061438,1.28873410692736,-16.9028267602009,0.379732490931831,0.0656054459429072,0.379732490931831,1,FROZEN,499,494,1
53,A1_Nominal_Gaussian,20260980,2.18770284570969,-7.60070704913733,2.56236398408122,-7.48124857963486,0.374661138371524,0.119458469502472,0.374661138371524,1,FROZEN,500,499,1
54,A1_Nominal_Gaussian,20260981,-29.5878144871685,-15.3229821273725,-29.5728221281007,-15.7258944179347,0.0149923590677332,0.402912290562202,0.402912290562202,1,FROZEN,498,500,1
55,A1_Nominal_Gaussian,20260982,15.5329489977127,-13.211236886101,15.1081269059433,-12.7507501178108,0.424822091769382,0.460486768290192,0.460486768290192,1,FROZEN,500,496,1
56,A1_Nominal_Gaussian,20260983,9.77809939507375,22.1291525652699,10.005446909757,22.8676051489775,0.22734751468321,0.738452583707648,0.738452583707648,1,FROZEN,500,500,1
57,A1_Nominal_Gaussian,20260984,18.4543388853009,-2.98135316633012,18.6835909275939,-2.35212968198133,0.229252042292984,0.629223484348789,0.629223484348789,1,FROZEN,494,498,1
58,A1_Nominal_Gaussian,20260985,29.5176366427276,-9.19865755118435,29.4206171283039,-8.69981687302768,0.0970195144236783,0.498840678156672,0.498840678156672,1,FROZEN,496,500,1
59,A1_Nominal_Gaussian,20260986,13.4835719129267,16.6976766462466,13.2068271545254,16.6977868242649,0.276744758401271,0.000110178018292828,0.276744758401271,1,FROZEN,499,495,1
60,A1_Nominal_Gaussian,20260987,17.5794484122046,-13.4545497943643,17.1044163838499,-14.2914216795401,0.4750320283547,0.836871885175778,0.836871885175778,1,FROZEN,500,498,1
61,A1_Nominal_Gaussian,20260988,-0.0664830644067678,10.8097910096725,0.347414680922219,9.41825408369561,0.413897745328987,1.39153692597684,1.39153692597684,1,FROZEN,498,500,1
62,A1_Nominal_Gaussian,20260989,-15.2807191954134,12.3404130865843,-15.3143016598853,12.6277817350557,0.0335824644719445,0.287368648471411,0.287368648471411,1,FROZEN,499,498,1
63,A1_Nominal_Gaussian,20260990,-12.6533752888345,5.07356545984521,-12.3198700833504,4.53801433873305,0.333505205484062,0.535551121112154,0.535551121112154,1,FROZEN,498,499,1
64,A1_Nominal_Gaussian,20260991,-26.8083066512735,17.4851730970517,-26.7252185563278,17.9041340249561,0.0830880949457153,0.41896092790445,0.41896092790445,1,FROZEN,498,499,1
65,A1_Nominal_Gaussian,20260992,2.34986468793953,13.396438867474,2.2021698697397,13.7702954451249,0.14769481819983,0.373856577650885,0.373856577650885,1,FROZEN,498,498,1
66,A1_Nominal_Gaussian,20260993,-1.40535469590965,-6.17757030936311,-1.72397230427109,-6.21925716479938,0.318617608361447,0.0416868554362635,0.318617608361447,1,FROZEN,495,498,1
67,A1_Nominal_Gaussian,20260994,-11.0060202886405,10.8779325621179,-11.1021123380408,10.2036526819035,0.0960920494002977,0.674279880214408,0.674279880214408,1,FROZEN,498,500,1
68,A1_Nominal_Gaussian,20260995,-23.2468502982005,25.3709635352642,-22.6105660620394,26.2242000221145,0.63628423616106,0.853236486850328,0.853236486850328,1,FROZEN,495,497,1
69,A1_Nominal_Gaussian,20260996,13.7625337576845,-28.1782909415151,13.5014520151342,-28.0628340732576,0.261081742550241,0.115456868257517,0.261081742550241,1,FROZEN,499,498,1
70,A1_Nominal_Gaussian,20260997,-10.5864765679432,25.1479310616013,-10.6222082788598,25.5519108087329,0.0357317109166324,0.403979747131569,0.403979747131569,1,FROZEN,497,496,1
71,A1_Nominal_Gaussian,20260998,24.327192397601,11.2922267471863,25.0691989853251,10.3829173709736,0.742006587724092,0.909309376212754,0.909309376212754,1,FROZEN,500,500,1
72,A1_Nominal_Gaussian,20260999,16.6534059864544,-28.3985383645235,17.4996670704368,-27.4974954388109,0.846261083982448,0.901042925712627,0.901042925712627,1,FROZEN,499,499,1
73,A1_Nominal_Gaussian,20261000,25.1524565300186,25.3304003484615,26.1364195979513,25.244830349543,0.983963067932642,0.0855699989185226,0.983963067932642,1,FROZEN,499,500,1
74,A1_Nominal_Gaussian,20261001,12.9352313836031,-15.2887120462182,13.0688886319922,-15.603605238627,0.133657248389071,0.314893192408826,0.314893192408826,1,FROZEN,499,500,1
75,A1_Nominal_Gaussian,20261002,14.7852322047636,-11.2474510218399,14.9310971639199,-10.6844157323782,0.145864959156327,0.563035289461707,0.563035289461707,1,FROZEN,499,500,1
76,A1_Nominal_Gaussian,20261003,16.2098430130912,19.8552985172567,16.1361295405583,20.1762658008989,0.0737134725329511,0.320967283642172,0.320967283642172,1,FROZEN,500,499,1
77,A1_Nominal_Gaussian,20261004,9.98898617764316,5.7854117540064,11.191560788449,6.10113369748693,1.20257461080583,0.315721943480532,1.20257461080583,1,FROZEN,499,499,1
78,A1_Nominal_Gaussian,20261005,22.0927347072983,-21.1795062292882,21.8684456675355,-20.5142132469148,0.224289039762748,0.665292982373423,0.665292982373423,1,FROZEN,500,498,1
79,A1_Nominal_Gaussian,20261006,21.8555940319581,-16.1467651729624,21.9383886084646,-15.4285859155086,0.0827945765065046,0.718179257453773,0.718179257453773,1,FROZEN,499,497,1
80,A1_Nominal_Gaussian,20261007,16.1693261830327,-1.77127294494212,16.6625147581901,-1.72440853133119,0.493188575157404,0.0468644136109242,0.493188575157404,1,FROZEN,498,498,1
81,A1_Nominal_Gaussian,20261008,-22.5812768253721,-19.2850253172982,-22.7151479376025,-19.4189695989842,0.133871112230413,0.133944281686009,0.133944281686009,1,FROZEN,498,498,1
82,A1_Nominal_Gaussian,20261009,-19.5639974107598,-5.6164429185621,-20.2384186467593,-6.11988666130389,0.674421235999567,0.503443742741791,0.674421235999567,1,FROZEN,499,498,1
83,A1_Nominal_Gaussian,20261010,-16.5079755587729,16.8033447277801,-16.8018164950527,16.1576340414041,0.293840936279832,0.64571068637602,0.64571068637602,1,FROZEN,497,500,1
84,A1_Nominal_Gaussian,20261011,11.455723319668,-26.2669269418438,11.8891089180876,-26.1012857117135,0.433385598419635,0.165641230130326,0.433385598419635,1,FROZEN,499,498,1
85,A1_Nominal_Gaussian,20261012,-28.3311154739603,-21.7079144141432,-28.6501757118909,-20.8277860292104,0.319060237930668,0.880128384932817,0.880128384932817,1,FROZEN,500,500,1
86,A1_Nominal_Gaussian,20261013,-8.48572017172177,-3.25515942275967,-8.03179097951799,-4.0621209049284,0.453929192203779,0.806961482168731,0.806961482168731,1,FROZEN,496,499,1
87,A1_Nominal_Gaussian,20261014,-1.30882437649369,-1.51849424054674,-0.912795918626979,-1.57135276748093,0.396028457866706,0.0528585269341932,0.396028457866706,1,FROZEN,499,498,1
88,A1_Nominal_Gaussian,20261015,-17.5328731140224,-12.3678910629903,-16.7255941946304,-11.8667002403063,0.807278919391994,0.501190822684007,0.807278919391994,1,FROZEN,499,499,1
89,A1_Nominal_Gaussian,20261016,-12.1132610051941,9.54195599266605,-12.1325621784405,10.3619871929445,0.0193011732464079,0.820031200278482,0.820031200278482,1,FROZEN,499,498,1
90,A1_Nominal_Gaussian,20261017,-29.7210504929135,-20.815042970067,-29.0319547832548,-20.2079420416148,0.689095709658687,0.607100928452152,0.689095709658687,1,FROZEN,499,493,1
91,A1_Nominal_Gaussian,20261018,17.5804816817113,-4.6006529176515,18.2313926653341,-4.77862377025295,0.650910983622794,0.177970852601451,0.650910983622794,1,FROZEN,498,500,1
92,A1_Nominal_Gaussian,20261019,12.5393142963376,28.0236660412555,12.3381761646079,29.065854486891,0.201138131729643,1.04218844563547,1.04218844563547,1,FROZEN,496,499,1
93,A1_Nominal_Gaussian,20261020,-23.4907392508154,16.4921027466203,-23.792141073567,16.2496641262905,0.301401822751647,0.242438620329768,0.301401822751647,1,FROZEN,500,500,1
94,A1_Nominal_Gaussian,20261021,-7.42137293649436,4.17628123884109,-7.89144895550855,4.57790443093553,0.470076019014185,0.401623192094447,0.470076019014185,1,FROZEN,498,499,1
95,A1_Nominal_Gaussian,20261022,-20.9000975009294,29.7983349688988,-20.7004409583501,30.0991049765342,0.199656542579248,0.30077000763545,0.30077000763545,1,FROZEN,499,498,1
96,A1_Nominal_Gaussian,20261023,9.825320783811,23.5202778875421,11.207543454141,23.6696220709157,1.38222267033004,0.149344183373611,1.38222267033004,1,FROZEN,500,500,1
97,A1_Nominal_Gaussian,20261024,6.75353872206274,20.1732392302839,6.75273472356454,20.9904447514936,0.000803998498193792,0.817205521209722,0.817205521209722,1,FROZEN,499,499,1
98,A1_Nominal_Gaussian,20261025,-3.70798605089268,-8.57759950295336,-2.56123370440202,-7.98105690789106,1.14675234649066,0.596542595062303,1.14675234649066,1,FROZEN,497,500,1
99,A1_Nominal_Gaussian,20261026,-28.3351337576697,-8.0530300288695,-27.8568461847682,-8.29466348187213,0.47828757290149,0.241633453002629,0.47828757290149,1,FROZEN,499,499,1
100,A1_Nominal_Gaussian,20261027,2.64522680675539,10.3779455852789,2.14766276304467,9.52744303545951,0.497564043710714,0.850502549819399,0.850502549819399,1,FROZEN,499,499,1
1,A6_2pct_Impulse,20261028,-19.7882316085619,6.95050532661769,-19.4504200616658,6.18663149911753,0.337811546896077,0.763873827500157,0.763873827500157,1,FROZEN,490,490,1
2,A6_2pct_Impulse,20261029,13.7003374390438,14.1213810261379,13.7828015599705,14.6766147322769,0.0824641209267423,0.55523370613907,0.55523370613907,1,FROZEN,489,490,1
3,A6_2pct_Impulse,20261030,-14.8077411416155,24.7821107316883,-15.2442817161429,24.9946711290778,0.436540574527363,0.212560397389474,0.436540574527363,1,FROZEN,490,488,1
4,A6_2pct_Impulse,20261031,-12.1101006447361,1.64637166371358,-11.9177137449513,1.54934805218769,0.192386899784751,0.097023611525892,0.192386899784751,1,FROZEN,489,488,1
5,A6_2pct_Impulse,20261032,21.0169671893533,-10.1338626688725,21.5232566352231,-9.29576553007439,0.506289445869875,0.83809713879806,0.83809713879806,1,FROZEN,490,489,1
6,A6_2pct_Impulse,20261033,-5.11536716895919,4.07956173014591,-4.75341780458107,3.10304960727574,0.361949364378113,0.976512122870172,0.976512122870172,1,FROZEN,490,488,1
7,A6_2pct_Impulse,20261034,22.5235131958965,10.7445619041195,21.8674041168202,10.1637261862804,0.656109079076302,0.580835717839076,0.656109079076302,1,FROZEN,490,486,1
8,A6_2pct_Impulse,20261035,-23.9715273315741,12.3844074837321,-24.9896185813451,12.9270359948459,1.01809124977101,0.542628511113795,1.01809124977101,1,FROZEN,490,490,1
9,A6_2pct_Impulse,20261036,-29.6644411008446,-12.918112865287,-30.0028234573412,-12.8918021546894,0.338382356496524,0.0263107105975955,0.338382356496524,1,FROZEN,490,490,1
10,A6_2pct_Impulse,20261037,-6.3292352720269,-11.4600897931489,-6.57282336602061,-11.247975651652,0.243588093993719,0.212114141496871,0.243588093993719,1,FROZEN,488,488,1
11,A6_2pct_Impulse,20261038,8.56280615646307,-15.7573436815478,8.05568276065206,-15.4175628068982,0.507123395811012,0.339780874649668,0.507123395811012,1,FROZEN,489,489,1
12,A6_2pct_Impulse,20261039,6.5841281109681,-18.0626978406612,5.71653649481497,-18.4673080316567,0.867591616153136,0.404610190995481,0.867591616153136,1,FROZEN,488,489,1
13,A6_2pct_Impulse,20261040,-15.1442042726663,4.65195876122851,-15.2974513926614,4.58535679794469,0.153247119995136,0.0666019632838202,0.153247119995136,1,FROZEN,490,487,1
14,A6_2pct_Impulse,20261041,-27.9512110308614,10.973658769872,-28.4071990444307,11.2699341245463,0.455988013569332,0.296275354674309,0.455988013569332,1,FROZEN,488,489,1
15,A6_2pct_Impulse,20261042,14.1441921758765,12.279055308731,15.0482019061658,12.9826103032403,0.904009730289253,0.703554994509336,0.904009730289253,1,FROZEN,490,488,1
16,A6_2pct_Impulse,20261043,-13.6575566395309,-17.6550450702372,-12.8306662112594,-17.7153813173951,0.82689042827157,0.0603362471578457,0.82689042827157,1,FROZEN,487,488,1
17,A6_2pct_Impulse,20261044,-28.1982623656277,25.715645492978,-28.8405539873904,25.3589287290703,0.642291621762752,0.356716763907791,0.642291621762752,1,FROZEN,490,489,1
18,A6_2pct_Impulse,20261045,10.9193478769358,-17.5825863401829,10.1279417344819,-18.1247144052298,0.791406142453846,0.54212806504697,0.791406142453846,1,FROZEN,490,490,1
19,A6_2pct_Impulse,20261046,-23.5073220717167,-0.795826361123403,-23.1296578982799,-1.59147740722469,0.377664173436834,0.795651046101282,0.795651046101282,1,FROZEN,489,490,1
20,A6_2pct_Impulse,20261047,19.9395028214484,-21.2466590126277,20.7953980320307,-21.7988113152573,0.855895210582254,0.552152302629622,0.855895210582254,1,FROZEN,490,489,1
21,A6_2pct_Impulse,20261048,-24.8247768768939,-7.58069369388084,-24.6209777478436,-7.97261306742823,0.203799129050275,0.391919373547385,0.391919373547385,1,FROZEN,489,487,1
22,A6_2pct_Impulse,20261049,24.0332638579375,-27.7206289857885,23.6299710665758,-27.9951642909022,0.40329279136175,0.274535305113655,0.40329279136175,1,FROZEN,488,490,1
23,A6_2pct_Impulse,20261050,-23.8335679567998,-16.3033007024408,-24.2034314018595,-16.8828831213775,0.369863445059732,0.579582418936734,0.579582418936734,1,FROZEN,488,489,1
24,A6_2pct_Impulse,20261051,-2.49713899684457,18.8545835772173,-2.21161995323125,18.8631830323428,0.285519043613312,0.00859945512550553,0.285519043613312,1,FROZEN,489,489,1
25,A6_2pct_Impulse,20261052,-13.7051518368492,23.1771898320747,-14.2021358398992,24.1180481410761,0.496984003050002,0.940858309001378,0.940858309001378,1,FROZEN,487,490,1
26,A6_2pct_Impulse,20261053,-16.2902099231561,10.0448527753354,-15.734512517022,10.4058391286249,0.555697406134081,0.360986353289498,0.555697406134081,1,FROZEN,489,489,1
27,A6_2pct_Impulse,20261054,-18.3488629988624,-23.7430334013189,-18.5961071153811,-24.7196588952923,0.247244116518701,0.976625493973376,0.976625493973376,1,FROZEN,490,489,1
28,A6_2pct_Impulse,20261055,21.828366001164,5.26028115776887,22.1463229362812,5.98066536157066,0.317956935117152,0.720384203801799,0.720384203801799,1,FROZEN,488,488,1
29,A6_2pct_Impulse,20261056,15.2835399583601,-27.5785315182958,15.2339357607706,-27.4885124977675,0.0496041975894528,0.090019020528274,0.090019020528274,1,FROZEN,489,487,1
30,A6_2pct_Impulse,20261057,-20.5007511052559,25.9828809066738,-19.7492770468706,26.2534065948241,0.751474058385291,0.270525688150315,0.751474058385291,1,FROZEN,488,490,1
31,A6_2pct_Impulse,20261058,-6.4575087195744,-11.5891135249612,-6.58690599620886,-11.6225443008041,0.129397276634458,0.0334307758428238,0.129397276634458,1,FROZEN,490,490,1
32,A6_2pct_Impulse,20261059,25.3297894403815,21.5687326628692,26.0159686168262,21.204691176431,0.686179176444735,0.364041486438129,0.686179176444735,1,FROZEN,488,490,1
33,A6_2pct_Impulse,20261060,9.60579745925514,-12.7403729583757,9.37398772506284,-12.2051586577258,0.2318097341923,0.535214300649887,0.535214300649887,1,FROZEN,487,490,1
34,A6_2pct_Impulse,20261061,27.8544744989518,21.8695301925487,28.303547570823,21.1213916662246,0.449073071871187,0.748138526324098,0.748138526324098,1,FROZEN,489,490,1
35,A6_2pct_Impulse,20261062,15.3443744643736,-17.7527439178119,16.0922390483004,-16.4356016650927,0.747864583926845,1.31714225271918,1.31714225271918,1,FROZEN,489,489,1
36,A6_2pct_Impulse,20261063,5.0777052410473,0.561150224172739,4.91218550069384,1.02477001766236,0.165519740353462,0.463619793489624,0.463619793489624,1,FROZEN,488,488,1
37,A6_2pct_Impulse,20261064,29.8657805743945,3.66882706363467,29.7527945929567,2.32723180444347,0.112985981437845,1.3415952591912,1.3415952591912,1,FROZEN,487,490,1
38,A6_2pct_Impulse,20261065,-2.66791850442416,-9.19950632936094,-2.47079133067399,-10.1791972545842,0.197127173750174,0.979690925223258,0.979690925223258,1,FROZEN,489,489,1
39,A6_2pct_Impulse,20261066,28.5416281662086,-6.2280202926764,27.9270129350273,-6.14280918393363,0.614615231181276,0.0852111087427687,0.614615231181276,1,FROZEN,490,488,1
40,A6_2pct_Impulse,20261067,25.8153140970403,11.5923584343329,27.6763922607781,11.3805170181695,1.86107816373779,0.211841416163418,1.86107816373779,1,FROZEN,487,486,1
41,A6_2pct_Impulse,20261068,-14.8132998476036,-7.21448023962117,-15.5242821666059,-7.47333970581768,0.710982319002277,0.258859466196506,0.710982319002277,1,FROZEN,489,488,1
42,A6_2pct_Impulse,20261069,20.3523193299428,2.79689980668843,21.2691905471032,1.08472282545016,0.91687121716042,1.71217698123827,1.71217698123827,1,FROZEN,490,489,1
43,A6_2pct_Impulse,20261070,10.831799109634,10.6158674122875,10.2918817617707,10.157198514898,0.539917347863291,0.458668897389529,0.539917347863291,1,FROZEN,488,489,1
44,A6_2pct_Impulse,20261071,-24.5021234532229,16.2947229714736,-24.3512409591928,16.9547216488279,0.150882494030085,0.659998677354299,0.659998677354299,1,FROZEN,488,489,1
45,A6_2pct_Impulse,20261072,6.35652006021498,-20.9869342147549,6.97081794215273,-20.7182866756274,0.614297881937751,0.268647539127446,0.614297881937751,1,FROZEN,489,489,1
46,A6_2pct_Impulse,20261073,-12.9426814316114,-3.14636224989581,-12.7361730486699,-2.69241870538271,0.206508382941443,0.453943544513094,0.453943544513094,1,FROZEN,490,489,1
47,A6_2pct_Impulse,20261074,-25.9101521889939,-19.1217933814747,-26.5858459546277,-18.4702676253902,0.675693765633767,0.651525756084499,0.675693765633767,1,FROZEN,490,489,1
48,A6_2pct_Impulse,20261075,-12.020906500334,-4.09296731355037,-11.8570894115165,-4.05289987492491,0.163817088817432,0.0400674386254618,0.163817088817432,1,FROZEN,490,489,1
49,A6_2pct_Impulse,20261076,-22.2612946882882,23.3635601221698,-22.0648270039184,23.0588746957898,0.196467684369789,0.304685426380054,0.304685426380054,1,FROZEN,489,488,1
50,A6_2pct_Impulse,20261077,9.09753320905024,27.3494344472156,8.24838091594878,27.1623511166259,0.849152293101461,0.187083330589708,0.849152293101461,1,FROZEN,490,489,1
51,A6_2pct_Impulse,20261078,11.1120901767918,3.92445948279781,11.7941217667536,4.72496062922688,0.682031589961763,0.800501146429065,0.800501146429065,1,FROZEN,488,489,1
52,A6_2pct_Impulse,20261079,-3.85272121224168,28.5551148507295,-3.69369008971203,29.8401292473436,0.159031122529657,1.28501439661414,1.28501439661414,1,FROZEN,488,489,1
53,A6_2pct_Impulse,20261080,9.41496261233877,-8.69066906886648,9.95964709207028,-8.05670791593901,0.54468447973151,0.633961152927469,0.633961152927469,1,FROZEN,489,488,1
54,A6_2pct_Impulse,20261081,-2.13688075485828,14.3848144996331,-1.29164178608282,15.0870043915756,0.845238968775459,0.702189891942535,0.845238968775459,1,FROZEN,489,489,1
55,A6_2pct_Impulse,20261082,21.3408587053684,-25.9569681470891,21.5513449876937,-25.3910041161601,0.210486282325295,0.565964030928942,0.565964030928942,1,FROZEN,489,489,1
56,A6_2pct_Impulse,20261083,13.8092878637894,-23.8742799000215,13.3058120213724,-23.7138679495812,0.503475842417025,0.160411950440317,0.503475842417025,1,FROZEN,490,489,1
57,A6_2pct_Impulse,20261084,7.52676606637372,-22.8339658928388,6.78116404901783,-22.7809368963747,0.745602017355892,0.0530289964641142,0.745602017355892,1,FROZEN,489,490,1
58,A6_2pct_Impulse,20261085,27.6750114687711,27.4296279545434,27.1650107140977,27.1441450550324,0.510000754673364,0.285482899510953,0.510000754673364,1,FROZEN,486,488,1
59,A6_2pct_Impulse,20261086,-3.94849219335432,0.579333068862312,-3.71407867298629,0.394929430925389,0.234413520368029,0.184403637936922,0.234413520368029,1,FROZEN,490,485,1
60,A6_2pct_Impulse,20261087,-20.7604695140409,9.24083516034886,-20.4606171059491,9.38460092946554,0.299852408091731,0.143765769116678,0.299852408091731,1,FROZEN,489,487,1
61,A6_2pct_Impulse,20261088,11.5193044806143,24.8937923346475,11.4031078792694,24.6761689193923,0.116196601344903,0.217623415255176,0.217623415255176,1,FROZEN,490,489,1
62,A6_2pct_Impulse,20261089,5.87569662603696,-25.9743371389318,5.63380817435796,-26.2151019395384,0.241888451679001,0.240764800606595,0.241888451679001,1,FROZEN,488,490,1
63,A6_2pct_Impulse,20261090,-11.3768336017747,12.1900044668798,-11.8439633204523,11.5606591201937,0.46712971867762,0.62934534668611,0.62934534668611,1,FROZEN,489,489,1
64,A6_2pct_Impulse,20261091,-29.1114183236709,27.042496250405,-28.7045715556491,26.8182942505498,0.406846768021833,0.224201999855154,0.406846768021833,1,FROZEN,490,488,1
65,A6_2pct_Impulse,20261092,-8.07531010513462,-12.6431984416007,-8.51547820849873,-13.3087782376126,0.440168103364117,0.665579796011921,0.665579796011921,1,FROZEN,490,490,1
66,A6_2pct_Impulse,20261093,13.1603395804941,-6.48661447309749,11.4650539571054,-7.55462290470673,1.69528562338868,1.06800843160924,1.69528562338868,1,FROZEN,489,488,1
67,A6_2pct_Impulse,20261094,22.6056670876408,28.0391052666791,23.148390617686,27.3051465041434,0.542723530045187,0.733958762535718,0.733958762535718,1,FROZEN,490,489,1
68,A6_2pct_Impulse,20261095,-14.9158702099928,3.1480632365172,-15.4301960995265,1.82687893901277,0.51432588953363,1.32118429750442,1.32118429750442,1,FROZEN,489,490,1
69,A6_2pct_Impulse,20261096,3.66329863559913,-1.84347839893331,3.97164986333612,-2.63039169754401,0.308351227736998,0.786913298610695,0.786913298610695,1,FROZEN,489,488,1
70,A6_2pct_Impulse,20261097,-7.90622327138827,21.3197936556271,-8.55267636205567,21.4905545733305,0.646453090667402,0.170760917703451,0.646453090667402,1,FROZEN,489,490,1
71,A6_2pct_Impulse,20261098,25.4967493014394,22.9759796893775,25.4919049636828,22.8849643712692,0.0048443377565377,0.0910153181083153,0.0910153181083153,1,FROZEN,488,488,1
72,A6_2pct_Impulse,20261099,-7.56892305635031,18.3333698782643,-8.18772022122815,18.8017706594419,0.618797164877845,0.468400781177579,0.618797164877845,1,FROZEN,489,490,1
73,A6_2pct_Impulse,20261100,23.8720369395382,18.1680176913801,23.9021661880789,17.1537672742878,0.0301292485406677,1.01425041709229,1.01425041709229,1,FROZEN,489,487,1
74,A6_2pct_Impulse,20261101,-7.7811740147393,-16.5559085191552,-6.62309456125759,-16.1752842268193,1.15807945348171,0.380624292335888,1.15807945348171,1,FROZEN,489,488,1
75,A6_2pct_Impulse,20261102,15.3939102174814,-8.77795610452882,15.1847473925858,-9.20042384793392,0.209162824895564,0.4224677434051,0.4224677434051,1,FROZEN,488,489,1
76,A6_2pct_Impulse,20261103,-21.8521695507317,-24.3100801131287,-21.305876169499,-24.5374586831339,0.546293381232676,0.227378570005243,0.546293381232676,1,FROZEN,489,490,1
77,A6_2pct_Impulse,20261104,-25.9921647243257,-28.6471913979094,-25.3047685479947,-28.6547030087407,0.687396176330967,0.00751161083132246,0.687396176330967,1,FROZEN,490,488,1
78,A6_2pct_Impulse,20261105,-3.87143500466821,23.6233498631317,-3.87084236031844,23.3686620541219,0.000592644349768801,0.254687809009837,0.254687809009837,1,FROZEN,489,490,1
79,A6_2pct_Impulse,20261106,7.68422104367827,-22.0152623155877,8.56617995289722,-21.012690979871,0.881958909218948,1.00257133571673,1.00257133571673,1,FROZEN,490,489,1
80,A6_2pct_Impulse,20261107,4.03198399913316,21.748530154433,4.5702917098312,21.5796346554229,0.538307710698039,0.168895499010059,0.538307710698039,1,FROZEN,490,489,1
81,A6_2pct_Impulse,20261108,15.1077068693417,-10.2965685028425,14.9273463367007,-10.2724464001938,0.18036053264106,0.0241221026487324,0.18036053264106,1,FROZEN,489,486,1
82,A6_2pct_Impulse,20261109,27.9580968340601,20.8973470334332,27.959226999963,21.5613469581653,0.00113016590290371,0.663999924732053,0.663999924732053,1,FROZEN,489,489,1
83,A6_2pct_Impulse,20261110,-4.85018374000694,-12.111914812585,-4.80626290289632,-11.9486835835463,0.0439208371106243,0.163231229038693,0.163231229038693,1,FROZEN,489,489,1
84,A6_2pct_Impulse,20261111,-11.7515163190351,-25.4097772360096,-12.0043860710614,-25.4064416223678,0.252869752026356,0.00333561364177015,0.252869752026356,1,FROZEN,490,490,1
85,A6_2pct_Impulse,20261112,-27.6807963206727,-25.5440812530104,-27.5249574102573,-25.3868280412088,0.155838910415394,0.157253211801535,0.157253211801535,1,FROZEN,490,490,1
86,A6_2pct_Impulse,20261113,22.1449871500328,-10.4604699213334,22.4657268212037,-10.2929478328967,0.320739671170926,0.167522088436714,0.320739671170926,1,FROZEN,489,489,1
87,A6_2pct_Impulse,20261114,9.28584234765909,18.3818319906623,9.611015751821,18.8367012187418,0.325173404161909,0.454869228079566,0.454869228079566,1,FROZEN,488,489,1
88,A6_2pct_Impulse,20261115,-4.15363455812065,-19.6617170030674,-3.96291137515328,-19.7234976353779,0.190723182967372,0.0617806323104553,0.190723182967372,1,FROZEN,488,490,1
89,A6_2pct_Impulse,20261116,-4.48673459458835,8.99039527843298,-5.09497667699804,9.37536520360233,0.608242082409697,0.384969925169349,0.608242082409697,1,FROZEN,490,489,1
90,A6_2pct_Impulse,20261117,23.9673217756418,-16.420045631264,23.7568984592152,-17.1863307588251,0.210423316426585,0.766285127561069,0.766285127561069,1,FROZEN,486,484,1
91,A6_2pct_Impulse,20261118,-28.6082676616799,27.9243877534259,-28.5390373517058,28.7904453112596,0.0692303099741807,0.866057557833678,0.866057557833678,1,FROZEN,488,490,1
92,A6_2pct_Impulse,20261119,9.49621843583528,14.9932439045775,10.5617131550122,15.3105010027235,1.0654947191769,0.317257098145969,1.0654947191769,1,FROZEN,488,486,1
93,A6_2pct_Impulse,20261120,29.6862896511126,18.1229569276564,30.7911831731496,18.1850157693433,1.10489352203694,0.0620588416869019,1.10489352203694,1,FROZEN,489,490,1
94,A6_2pct_Impulse,20261121,9.01900860140007,-1.04752331862897,8.65842950860882,-1.65524887075899,0.360579092791252,0.607725552130018,0.607725552130018,1,FROZEN,490,489,1
95,A6_2pct_Impulse,20261122,10.467390955912,-10.3547053461961,9.53555134298101,-10.2499817095931,0.931839612930979,0.104723636603044,0.931839612930979,1,FROZEN,488,488,1
96,A6_2pct_Impulse,20261123,-5.37412627330515,24.5233287214281,-5.26438170947378,25.0278405151515,0.109744563831368,0.504511793723353,0.504511793723353,1,FROZEN,490,490,1
97,A6_2pct_Impulse,20261124,19.0350767749115,-29.9831067740163,18.1074990315604,-29.4908261754587,0.927577743351137,0.492280598557663,0.927577743351137,1,FROZEN,489,489,1
98,A6_2pct_Impulse,20261125,9.3768679688766,-12.1905926384241,9.83353095961132,-11.7316169762336,0.456662990734721,0.458975662190479,0.458975662190479,1,FROZEN,489,489,1
99,A6_2pct_Impulse,20261126,18.3431239706866,-7.86971900864331,18.9875683824653,-7.79656762517228,0.644444411778736,0.0731513834710285,0.644444411778736,1,FROZEN,488,490,1
100,A6_2pct_Impulse,20261127,-20.5603109071207,6.61824792360379,-20.152536111432,6.13851968965938,0.40777479568866,0.479728233944408,0.479728233944408,1,FROZEN,489,490,1
