Subtest,Trial_ID,Mode,Gain_Source,Identifiability_Status,True_gL,True_gR,Est_gL,Est_gR,Delta_g_Diff,Apparent_Delta_Kf,Did_Update,Is_Frozen,Reject_Reason,Passed_Threshold
C1_SYMMETRIC_ORACLE,1,ORACLE_GAIN,ORACLE_SIM_PARAM,CALIBRATED_ORACLE_SIM,1,1,1,1,0,0,1,1,NONE,1
C1_SYMMETRIC_EXTERNAL,2,EXTERNAL_REFERENCE,EXTERNAL_HARDWARE_SOURCE,CALIBRATED_EXTERNAL_REFERENCE,1,1,1.00075908388649,1.0000411148898,0.000717968996690743,3.86985289216311e-06,0,1,NONE,1
C2_PHYSICAL_KEEP_R0.70,1,ORACLE_GAIN,ORACLE_SIM_PARAM,CALIBRATED_ORACLE_SIM,1,1,1,1,0,0,1,1,NONE,1
C2_ASSUMED_UNIDENTIFIABLE_R0.70,3,RELATIVE_BALANCE_ASSUMED,SYMMETRIC_MOTION_ASSUMPTION,ASSUMPTION_ONLY,1,1,1,1,0,0.00231,0,1,NONE,1
C2_PHYSICAL_KEEP_R1.30,2,ORACLE_GAIN,ORACLE_SIM_PARAM,CALIBRATED_ORACLE_SIM,1,1,1,1,0,0,1,1,NONE,1
C2_ASSUMED_UNIDENTIFIABLE_R1.30,4,RELATIVE_BALANCE_ASSUMED,SYMMETRIC_MOTION_ASSUMPTION,ASSUMPTION_ONLY,1,1,1,1,0,-0.00124384615384615,0,1,NONE,1
C3_ZONE1_005PCT,1,EXTERNAL_REFERENCE,EXTERNAL_HARDWARE_SOURCE,CALIBRATED_EXTERNAL_REFERENCE,1.0005,1,1.0005,1,0.000499999999999945,2.6949999999997e-06,0,1,NONE,1
C3_ZONE2_010PCT_BOUNDARY,2,EXTERNAL_REFERENCE,EXTERNAL_HARDWARE_SOURCE,CALIBRATED_EXTERNAL_REFERENCE,1.001,1,1.001,1,0.00099999999999989,5.38999999999941e-06,0,1,NONE,1
C3_ZONE3_050PCT_OVER_RANGE,3,EXTERNAL_REFERENCE,NONE,OUT_OF_CALIBRATION_RANGE,1.005,1,1,1,0,2.69499999999994e-05,0,1,OUT_OF_RANGE,0
C4_SATURATION,1,EXTERNAL_REFERENCE,NONE,NONE,1,1,1,1,0,0,0,1,SATURATION,1
C4_LOW_EXCITATION,2,EXTERNAL_REFERENCE,NONE,UNIDENTIFIABLE,1,1,1,1,0,0,0,1,LOW_EXCITATION,1
C4_NONFINITE_NAN,3,EXTERNAL_REFERENCE,NONE,INVALID_INPUT,1,1,1,1,0,0,0,1,NONFINITE_INPUT,1
C4_UNCONFIRMED_DELAY,4,EXTERNAL_REFERENCE,NONE,NONE,1,1,1,1,0,0,0,1,UNCONFIRMED_DELAY,1
