Case,Test_Item,Limit_Scenario,Imax_counts,Imax_Source,Param_Source,Application_Mode,Disturbance_Type,Disturbance_Intensity,Random_Seed,Trial_Index,Delta_Kf_True,Delta_Kf_Hat_Mean,Delta_Kf_Hat_Median,Delta_Kf_AbsError_P95,Delta_Kf_RMSE,theta_payload_bias,theta_payload_bias_p95_abs,KfL_Hat,KfR_Hat,gamma_L,gamma_R,gamma_dev_max,Calibration_Validity,invalid_calib_count,eta_kf_residual,eta_total_mean,eta_total_p05,RMS_T_res_base,RMS_T_res_comp,RMS_T_total_base,RMS_T_total_comp,RMS_alpha_base_dyn,RMS_alpha_comp_dyn,eta_alpha_abs,eta_alpha_delay,RMS_dalpha_base_dyn,RMS_dalpha_comp_dyn,alpha_ss_base,alpha_ss_comp,base_total_sat,comp_total_sat,unproj_max_peak,proj_count,PE_active_ratio,PE_false_alarm_rate,SVF_atten_dB,rms_comp_mean,rms_comp_max,time_exceed_mean,trial_exceed_ratio,max_run_p95,late_exceed_mean,first_exceed_median,last_exceed_median,Selection_Metric,Selected_Corner_Count,Worst_Eta_Corner,Worst_Alpha_Corner,Worst_Theta_Corner,Calibration_Status
r070 (Delta_Kf < 0),TestC4_Payload_d_-0.20m,Nominal_Hardware_Limit,16000,param_init.ctrl.spd_max_out,Step3C_Replay,POSTHOC_STATIC_REPLAY,Eccentric_Load,"Delta_m=50.0kg;d_load=-0.20m",Deterministic,Single,-0.0021875,-0.00259532258747517,-0.00259532258747517,0.000407822587475167,0.000407822587475167,-0.00040646875904562,NaN,0.00490025537292908,0.00749557796040425,1.26481503411156,0.826876419591319,0.264815034111563,VALID,0,80.5307493759975,80.5307493759975,80.5307493759975,1.00090955132265,0.194869589066585,1.00090955132265,0.194869589066585,0.00145363299518923,0.00105433095748643,27.4692469849187,NaN,0,0,0.000500454775661325,9.74347945332926e-05,0,0,0.00266425965634792,784,1,0,NaN,0.194869589066585,0.194869589066585,100,NaN,NaN,NaN,NaN,NaN,"N/A",NaN,"N/A","N/A","N/A",DEGRADED_BY_PAYLOAD
r070 (Delta_Kf < 0),TestC4_Payload_d_-0.10m,Nominal_Hardware_Limit,16000,param_init.ctrl.spd_max_out,Step3C_Replay,POSTHOC_STATIC_REPLAY,Eccentric_Load,"Delta_m=50.0kg;d_load=-0.10m",Deterministic,Single,-0.0021875,-0.00259723225269464,-0.00259723225269464,0.000409732252694642,0.000409732252694642,-0.000408378424265095,NaN,0.00489930054031935,0.00749653279301399,1.26506153596013,0.82677110042692,0.265061535960126,VALID,0,80.4382829249949,80.4382829249949,80.4382829249949,1.00090955132265,0.19579509460644,1.00090955132265,0.19579509460644,0.000940004132759027,0.000511185944262401,45.6187556578068,NaN,0,0,0.000500454775661325,9.78975473032198e-05,0,0,0.00264415797052871,697,1,0,NaN,0.19579509460644,0.19579509460644,100,NaN,NaN,NaN,NaN,NaN,"N/A",NaN,"N/A","N/A","N/A",DEGRADED_BY_PAYLOAD
r070 (Delta_Kf < 0),TestC4_Payload_d_-0.05m,Nominal_Hardware_Limit,16000,param_init.ctrl.spd_max_out,Step3C_Replay,POSTHOC_STATIC_REPLAY,Eccentric_Load,"Delta_m=50.0kg;d_load=-0.05m",Deterministic,Single,-0.0021875,-0.00258989121301274,-0.00258989121301274,0.000402391213012738,0.000402391213012738,-0.000401037384583191,NaN,0.0049029710601603,0.00749286227317304,1.26411447071932,0.827176109836863,0.264114470719318,VALID,0,80.7936654344727,80.7936654344727,80.7936654344727,1.00090955132265,0.192238037125346,1.00090955132265,0.192238037125346,0.000713884198644896,0.000272838580090887,61.7811151151976,NaN,0,0,0.000500454775661325,9.61190185626732e-05,0,0,0.00263408700445053,489,1,0,NaN,0.192238037125346,0.192238037125346,100,NaN,NaN,NaN,NaN,NaN,"N/A",NaN,"N/A","N/A","N/A",DEGRADED_BY_PAYLOAD
r070 (Delta_Kf < 0),TestC4_Payload_d_+0.00m,Nominal_Hardware_Limit,16000,param_init.ctrl.spd_max_out,Step3C_Replay,POSTHOC_STATIC_REPLAY,Eccentric_Load,"Delta_m=50.0kg;d_load=+0.00m",Deterministic,Single,-0.0021875,-0.00218885382842955,-0.00218885382842955,1.35382842954713e-06,1.35382842954713e-06,0,NaN,0.00510348975245189,0.00729234358088144,1.21444677412921,0.849921098467704,0.214446774129207,VALID,0,99.9361989683727,99.9361989683727,99.9361989683727,1.00090955132265,0.000638590619400515,1.00090955132265,0.000638590619400515,0.000529305950173737,0.000154270199849557,70.8542479450835,NaN,0,0,0.000500454775661325,3.19295309700258e-07,0,0,0.00218930116269055,0,1,0,NaN,0.000638590619400515,0.000638590619400515,100,NaN,NaN,NaN,NaN,NaN,"N/A",NaN,"N/A","N/A","N/A",PASS
r070 (Delta_Kf < 0),TestC4_Payload_d_+0.05m,Nominal_Hardware_Limit,16000,param_init.ctrl.spd_max_out,Step3C_Replay,POSTHOC_STATIC_REPLAY,Eccentric_Load,"Delta_m=50.0kg;d_load=+0.05m",Deterministic,Single,-0.0021875,-0.00153665986146198,-0.00153665986146198,0.00065084013853802,0.00065084013853802,0.000652193966967567,NaN,0.00542958673593568,0.00696624659739766,1.14150799464088,0.889706756717741,0.141507994640882,VALID,0,69.8098546643478,69.8098546643478,69.8098546643478,1.00090955132265,0.302176048222732,1.00090955132265,0.302176048222732,0.000436700699610411,0.000260158503341508,40.4263598447173,NaN,0,0,0.000500454775661325,0.000151088024111366,0,0,0.00156762354700178,0,1,0,NaN,0.302176048222732,0.302176048222732,100,NaN,NaN,NaN,NaN,NaN,"N/A",NaN,"N/A","N/A","N/A",DEGRADED_BY_PAYLOAD
r070 (Delta_Kf < 0),TestC4_Payload_d_+0.10m,Nominal_Hardware_Limit,16000,param_init.ctrl.spd_max_out,Step3C_Replay,POSTHOC_STATIC_REPLAY,Eccentric_Load,"Delta_m=50.0kg;d_load=+0.10m",Deterministic,Single,-0.0021875,-0.000877994773101502,-0.000877994773101502,0.0013095052268985,0.0013095052268985,0.00131085905532805,NaN,0.00575891928011592,0.00663691405321742,1.07622912654228,0.933855194894691,0.0762291265422832,VALID,0,39.8660272534487,39.8660272534487,39.8660272534487,1.00090955132265,0.601886676809991,1.00090955132265,0.601886676809991,0.000493097862358705,0.000449815010331733,8.77774075513739,NaN,0,0,0.000500454775661325,0.000300943338404996,0,0,0.000939068145060742,0,1,0,NaN,0.601886676809991,0.601886676809991,100,NaN,NaN,NaN,NaN,NaN,"N/A",NaN,"N/A","N/A","N/A",DEGRADED_BY_PAYLOAD
r070 (Delta_Kf < 0),TestC4_Payload_d_+0.20m,Nominal_Hardware_Limit,16000,param_init.ctrl.spd_max_out,Step3C_Replay,POSTHOC_STATIC_REPLAY,Eccentric_Load,"Delta_m=50.0kg;d_load=+0.20m",Deterministic,Single,-0.0021875,0.000496995506849987,0.000496995506849987,0.00268449550684999,0.00268449550684999,0.00268584933527953,NaN,0.00644641442009166,0.00594941891324167,0.961451787423021,1.0417684074779,0.0417684074778983,VALID,0,-22.9540385272012,-22.9540385272012,-22.9540385272012,1.00090955132265,1.23065871535569,1.00090955132265,1.23065871535569,0.000901176994660256,0.000902198963476328,-0.113403784398347,NaN,0,0,0.000500454775661325,0.000615329357677844,0,0,0.00110843328336055,0,1,0,NaN,1.23065871535569,1.23065871535569,100,NaN,NaN,NaN,NaN,NaN,"N/A",NaN,"N/A","N/A","N/A",DEGRADED_BY_PAYLOAD
r130 (Delta_Kf > 0),TestC4_Payload_d_-0.20m,Nominal_Hardware_Limit,16000,param_init.ctrl.spd_max_out,Step3C_Replay,POSTHOC_STATIC_REPLAY,Eccentric_Load,"Delta_m=50.0kg;d_load=-0.20m",Deterministic,Single,0.00161684782608696,-0.00106904729318364,-0.00106904729318364,0.0026858951192706,0.0026858951192706,-0.00268711389954399,NaN,0.00566339302007485,0.00673244031325849,1.0943822271732,0.920604770080299,0.0943822271732002,VALID,0,-67.2595136632716,-67.2595136632716,-67.2595136632716,0.739802711847176,1.23739041790328,0.739802711847176,1.23739041790328,0.000927838922919049,0.0009063163053915,2.31965021038751,NaN,0,0,0.000369901355923588,0.000618695208951641,0,0,0.00176355292266128,0,1,0,NaN,1.23739041790328,1.23739041790328,100,NaN,NaN,NaN,NaN,NaN,"N/A",NaN,"N/A","N/A","N/A",DEGRADED_BY_PAYLOAD
r130 (Delta_Kf > 0),TestC4_Payload_d_-0.10m,Nominal_Hardware_Limit,16000,param_init.ctrl.spd_max_out,Step3C_Replay,POSTHOC_STATIC_REPLAY,Eccentric_Load,"Delta_m=50.0kg;d_load=-0.10m",Deterministic,Single,0.00161684782608696,0.000307719237367105,0.000307719237367105,0.00130912858871985,0.00130912858871985,-0.00131034736899324,NaN,0.00635177628535022,0.00604405704798311,0.975776914713068,1.02545634785742,0.0254563478574206,VALID,0,18.9672088314202,18.9672088314202,18.9672088314202,0.739802711847176,0.599482786550612,0.739802711847176,0.599482786550612,0.000451877619282577,0.000449651173727938,0.492709853206041,NaN,0,0,0.000369901355923588,0.000299741393275306,0,0,0.000343589905770729,0,1,0,NaN,0.599482786550612,0.599482786550612,98.0566352026652,NaN,NaN,NaN,NaN,NaN,"N/A",NaN,"N/A","N/A","N/A",DEGRADED_BY_PAYLOAD
r130 (Delta_Kf > 0),TestC4_Payload_d_-0.05m,Nominal_Hardware_Limit,16000,param_init.ctrl.spd_max_out,Step3C_Replay,POSTHOC_STATIC_REPLAY,Eccentric_Load,"Delta_m=50.0kg;d_load=-0.05m",Deterministic,Single,0.00161684782608696,0.000966402595805964,0.000966402595805964,0.000650445230280993,0.000650445230280993,-0.000651664010554384,NaN,0.00668111796456965,0.00571471536876368,0.927676580406838,1.084553869567,0.0845538695670012,VALID,0,59.5011180764899,59.5011180764899,59.5011180764899,0.739802711847176,0.299611826737914,0.739802711847176,0.299611826737914,0.00032535834064677,0.000259216422277196,20.3289450757871,NaN,0,0,0.000369901355923588,0.000149805913368957,0,0,0.000984695046211296,0,1,0,NaN,0.299611826737914,0.299611826737914,100,NaN,NaN,NaN,NaN,NaN,"N/A",NaN,"N/A","N/A","N/A",DEGRADED_BY_PAYLOAD
r130 (Delta_Kf > 0),TestC4_Payload_d_+0.00m,Nominal_Hardware_Limit,16000,param_init.ctrl.spd_max_out,Step3C_Replay,POSTHOC_STATIC_REPLAY,Eccentric_Load,"Delta_m=50.0kg;d_load=+0.00m",Deterministic,Single,0.00161684782608696,0.00161806660636035,0.00161806660636035,1.21878027339113e-06,1.21878027339113e-06,0,NaN,0.00700694996984684,0.00538888336348649,0.884538450158528,1.15013004524498,0.150130045244985,VALID,0,99.9232374719977,99.9232374719977,99.9232374719977,0.739802711847176,0.000567891263843332,0.739802711847176,0.000567891263843332,0.000384499657731026,0.000154317480885489,59.8653788676606,NaN,0,0,0.000369901355923588,2.83945631921666e-07,0,0,0.00161955714001733,0,1,0,NaN,0.000567891263843332,0.000567891263843332,100,NaN,NaN,NaN,NaN,NaN,"N/A",NaN,"N/A","N/A","N/A",PASS
r130 (Delta_Kf > 0),TestC4_Payload_d_+0.05m,Nominal_Hardware_Limit,16000,param_init.ctrl.spd_max_out,Step3C_Replay,POSTHOC_STATIC_REPLAY,Eccentric_Load,"Delta_m=50.0kg;d_load=+0.05m",Deterministic,Single,0.00161684782608696,0.0018321300613151,0.0018321300613151,0.00021528223522814,0.00021528223522814,0.000214063454954749,NaN,0.00711398169732421,0.00528185163600912,0.871230336310521,1.17343634274243,0.173436342742431,VALID,0,86.3723998470497,86.3723998470497,86.3723998470497,0.739802711847176,0.100817355491216,0.739802711847176,0.100817355491216,0.000572811786469542,0.000279585138131679,51.1907497827745,NaN,0,0,0.000369901355923588,5.0408677745608e-05,0,0,0.00185394629019598,679,1,0,NaN,0.100817355491216,0.100817355491216,100,NaN,NaN,NaN,NaN,NaN,"N/A",NaN,"N/A","N/A","N/A",DEGRADED_BY_PAYLOAD
r130 (Delta_Kf > 0),TestC4_Payload_d_+0.10m,Nominal_Hardware_Limit,16000,param_init.ctrl.spd_max_out,Step3C_Replay,POSTHOC_STATIC_REPLAY,Eccentric_Load,"Delta_m=50.0kg;d_load=+0.10m",Deterministic,Single,0.00161684782608696,0.0018400052300316,0.0018400052300316,0.000223157403944645,0.000223157403944645,0.000221938623671254,NaN,0.00711791928168247,0.00527791405165087,0.870748377635671,1.17431178416557,0.174311784165571,VALID,0,85.8711043751773,85.8711043751773,85.8711043751773,0.739802711847176,0.104525952986495,0.739802711847176,0.104525952986495,0.00080690172291235,0.000519902420746005,35.5680616383466,NaN,0,0,0.000369901355923588,5.22629764932476e-05,0,0,0.00186433043927862,767,1,0,NaN,0.104525952986495,0.104525952986495,100,NaN,NaN,NaN,NaN,NaN,"N/A",NaN,"N/A","N/A","N/A",DEGRADED_BY_PAYLOAD
r130 (Delta_Kf > 0),TestC4_Payload_d_+0.20m,Nominal_Hardware_Limit,16000,param_init.ctrl.spd_max_out,Step3C_Replay,POSTHOC_STATIC_REPLAY,Eccentric_Load,"Delta_m=50.0kg;d_load=+0.20m",Deterministic,Single,0.00161684782608696,0.00184027665179432,0.00184027665179432,0.000223428825707361,0.000223428825707361,0.00022221004543397,NaN,0.00711805499256383,0.00527777834076951,0.870731776186273,1.17434197999361,0.174341979993613,VALID,0,85.8538232311017,85.8538232311017,85.8538232311017,0.739802711847176,0.104653799359005,0.739802711847176,0.104653799359005,0.00133168744911286,0.00106171587874564,20.2728929034416,NaN,0,0,0.000369901355923588,5.23268996795024e-05,0,0,0.0018851524476048,825,1,0,NaN,0.104653799359005,0.104653799359005,100,NaN,NaN,NaN,NaN,NaN,"N/A",NaN,"N/A","N/A","N/A",DEGRADED_BY_PAYLOAD
r070 (Delta_Kf < 0),TestC5_TopWorstCorners_Noise_MC100,Nominal_Hardware_Limit,16000,param_init.ctrl.spd_max_out,Step3C_Replay,POSTHOC_STATIC_REPLAY,Top_Worst_Corners_Noise_MC,"TopWorstUnion_N100_Selected6;Noise2um_10ct",20260924+1..100,MC_100_Trials,-0.0021875,-0.00157706456003236,-0.000643253192725292,0.00155887901488974,0.00113978755240023,NaN,NaN,0.00540938438665049,0.00698644894668285,1.15494601824539,0.891352124409417,0.261739781032147,VALID,0,28.5796653768994,54.735395111013,28.4237958377639,1.00105947606492,0.450403590258733,0.999825764112385,0.453116841541933,0.000714598365970329,0.000522393519706267,25.9362945178297,-11.7223856296625,7.58673162258293e-06,8.25062017189998e-06,0.000500529738032459,0.000225201795129366,0,0,0.00264496844497076,28300,1,0,16.9765250939394,0.450403590258733,0.716387726660407,100,49,NaN,NaN,NaN,NaN,"Union(Worst_Eta[1:3], Worst_Alpha[1:3], Worst_Theta[1:3])",6,"C#70(d=+0.10,gL=-0.02,gR=+0.02,bL=-20,bR=-20,dL=1,dR=2;eta=28.62%)","C#37(d=-0.10,gL=-0.02,gR=+0.02,bL=-20,bR=-20,dL=2,dR=1;alpha=5.2221e-04rad)","C#70(d=+0.10,gL=-0.02,gR=+0.02,bL=-20,bR=-20,dL=1,dR=2;err=1.5560e-03)",DEGRADED
r130 (Delta_Kf > 0),TestC5_TopWorstCorners_Noise_MC100,Nominal_Hardware_Limit,16000,param_init.ctrl.spd_max_out,Step3C_Replay,POSTHOC_STATIC_REPLAY,Top_Worst_Corners_Noise_MC,"TopWorstUnion_N100_Selected6;Noise2um_10ct",20260924+1..100,MC_100_Trials,0.00161684782608696,0.000917934231826964,7.18471023287595e-05,0.00155797629915564,0.00111632750897621,NaN,NaN,0.00665688378258015,0.00573894955075318,0.935040247954922,1.08624061993475,0.171901602599003,VALID,0,3.63557671125346,44.7873334408856,3.32440719582997,0.739901543113123,0.40568480729623,0.739592898107927,0.409185633903541,0.000628462987751263,0.00053083294531485,17.1170440069686,-15.3221731601547,7.20838184969108e-06,8.24789229545617e-06,0.000369950771556562,0.000202842403648115,0,0,0.00186518992467765,32095,1,0,16.976525095157,0.40568480729623,0.715394363080985,94.0922663825583,49,NaN,NaN,NaN,NaN,"Union(Worst_Eta[1:3], Worst_Alpha[1:3], Worst_Theta[1:3])",6,"C#59(d=-0.10,gL=+0.02,gR=-0.02,bL=+20,bR=+20,dL=2,dR=1;eta=3.76%)","C#92(d=+0.10,gL=+0.02,gR=-0.02,bL=+20,bR=+20,dL=1,dR=2;alpha=5.3062e-04rad)","C#59(d=-0.10,gL=+0.02,gR=-0.02,bL=+20,bR=+20,dL=2,dR=1;err=1.5557e-03)",DEGRADED
r100 (Delta_Kf = 0),TestC8A_SensorCommFalseComp,Nominal_Hardware_Limit,16000,param_init.ctrl.spd_max_out,Step3C_Replay,POSTHOC_STATIC_REPLAY,Sensor_Comm_Noise_Symmetric,"Noise2um_Bias15ct_Gain2pct_Delay2ms_N100",20260924+1..100,MC_100_Trials,0,-6.78780908973001e-06,5.91801706771571e-05,0.000188306524331989,9.58263695698508e-05,NaN,NaN,0.0061945227621218,0.00620131057121154,1.00060742535355,0.999512115372048,0.0175987743748818,VALID,0,NaN,NaN,-2991.36436838475,2.05070775333585e-16,0.0348979605633372,0.0214611507998717,0.0447690234167415,0.000157121338614492,0.000158496664203221,-0.875761694932713,NaN,1.05263172983485e-05,1.05389470575229e-05,1.02535387666793e-19,1.74489802816686e-05,0,0,0.00024846021718654,0,1,0,17.0722699926606,0.0348979605633372,0.0979764582330808,92.7460150701007,92,1.8,92.7847809377402,0.502,2.3,"N/A",NaN,"N/A","N/A","N/A",RAW_ESTIMATOR_FAIL
r100 (Delta_Kf = 0),TestC8B_PayloadConfounding,Nominal_Hardware_Limit,16000,param_init.ctrl.spd_max_out,Step3C_Replay,POSTHOC_STATIC_REPLAY,Payload_Confounding_Symmetric,"Delta_m=50kg;d_load=[-0.1,0.1]m;N100",20260924+1..100,MC_100_Trials,0,3.90784262909971e-06,0.000678874425617894,0.00121934354586745,0.000746335986180675,3.46035271893664e-06,0.00122359679727831,0.00619987058798122,0.00619596274535212,1.0033474647416,1.00394845965045,0.116826005017071,VALID,0,NaN,NaN,NaN,2.06245563870572e-16,0.302595561088883,2.06245563870572e-16,0.302595561088883,0.000318037703841856,0.000275214240626622,11.7251151642595,NaN,0,0,1.03122781935286e-19,0.000151297780544441,0,0,0.0016166688206313,0,1,0,17.1075350101291,0.302595561088883,0.599414228943646,99,99,NaN,NaN,NaN,NaN,"N/A",NaN,"N/A","N/A","N/A",DIAGNOSTIC_PAYLOAD_CONFOUNDING
r100 (Delta_Kf = 0),TestC8C_GatedApplication,Nominal_Hardware_Limit,16000,param_init.ctrl.spd_max_out,Step3C_Replay,CAUSAL_GATED_REPLAY,Gated_Compensation_Evaluation,"ThetaOn=1e-5;ThetaOff=0.7e-5;Confirm=200ms;N100",20260924+1..100,MC_100_Trials,0,NaN,NaN,NaN,NaN,NaN,NaN,NaN,NaN,1,1,0.0271101794489699,VALID,0,NaN,NaN,NaN,2.05070775333585e-16,0.0347887016356711,NaN,NaN,0.000157121338614492,0.000158197757285017,-0.685194458584948,NaN,NaN,NaN,NaN,NaN,0,NaN,NaN,0,NaN,NaN,NaN,0.0347887016356711,0.0967960786595991,88.6856839684896,NaN,NaN,NaN,NaN,NaN,"N/A",NaN,"N/A","N/A","N/A",GATED_APPLICATION_EVAL_ONLY
