Case,Test_Item,Param_Perturbation,PE_Threshold_count_m,Active_Ratio_pct,False_Activation_pct,Miss_Activation_pct,Delta_Kf_True,Delta_Kf_Est,Rel_Error_pct,Transfer_Gain,Res_RMS_Nm
r070 (Delta_Kf < 0),PE_Threshold_Scan,Nominal,1.0,71.66,0.00,0.00,-2.1875000e-03,-2.1875000e-03,0.0000,1.0000,7.1559e-12
r070 (Delta_Kf < 0),PE_Threshold_Scan,Nominal,10.0,70.17,0.00,0.00,-2.1875000e-03,-2.1875000e-03,0.0000,1.0000,7.2313e-12
r070 (Delta_Kf < 0),PE_Threshold_Scan,Nominal,50.0,69.22,0.00,0.00,-2.1875000e-03,-2.1875000e-03,0.0000,1.0000,7.2805e-12
r070 (Delta_Kf < 0),PE_Threshold_Scan,Nominal,100.0,68.55,0.00,0.00,-2.1875000e-03,-2.1875000e-03,0.0000,1.0000,7.3163e-12
r130 (Delta_Kf > 0),PE_Threshold_Scan,Nominal,1.0,71.66,0.00,0.00,1.6168478e-03,1.6168478e-03,0.0000,1.0000,5.1934e-12
r130 (Delta_Kf > 0),PE_Threshold_Scan,Nominal,10.0,70.17,0.00,0.00,1.6168478e-03,1.6168478e-03,0.0000,1.0000,5.2481e-12
r130 (Delta_Kf > 0),PE_Threshold_Scan,Nominal,50.0,69.22,0.00,0.00,1.6168478e-03,1.6168478e-03,0.0000,1.0000,5.2838e-12
r130 (Delta_Kf > 0),PE_Threshold_Scan,Nominal,100.0,68.55,0.00,0.00,1.6168478e-03,1.6168478e-03,0.0000,1.0000,5.3098e-12
r070 (Delta_Kf < 0),Sensitivity_Test,K_alpha_-20%,10.0,70.17,0.00,0.00,-2.1875000e-03,-1.7903230e-03,-18.1567,0.9078,7.5867e-02
r070 (Delta_Kf < 0),Sensitivity_Test,K_alpha_+20%,10.0,70.17,0.00,0.00,-2.1875000e-03,-2.5846770e-03,18.1567,0.9078,7.5867e-02
r070 (Delta_Kf < 0),Sensitivity_Test,B_alpha_-20%,10.0,70.17,0.00,0.00,-2.1875000e-03,-2.1778305e-03,-0.4420,0.0221,2.1993e-02
r070 (Delta_Kf < 0),Sensitivity_Test,B_alpha_+20%,10.0,70.17,0.00,0.00,-2.1875000e-03,-2.1971695e-03,0.4420,0.0221,2.1993e-02
r070 (Delta_Kf < 0),Sensitivity_Test,J0_-20%,10.0,70.17,0.00,0.00,-2.1875000e-03,-2.1928522e-03,0.2447,-0.0122,5.2086e-03
r070 (Delta_Kf < 0),Sensitivity_Test,J0_+20%,10.0,70.17,0.00,0.00,-2.1875000e-03,-2.1821478e-03,-0.2447,-0.0122,5.2086e-03
r130 (Delta_Kf > 0),Sensitivity_Test,K_alpha_-20%,10.0,70.17,0.00,0.00,1.6168478e-03,1.2914404e-03,-20.1260,1.0063,7.4821e-02
r130 (Delta_Kf > 0),Sensitivity_Test,K_alpha_+20%,10.0,70.17,0.00,0.00,1.6168478e-03,1.9422553e-03,20.1260,1.0063,7.4821e-02
r130 (Delta_Kf > 0),Sensitivity_Test,B_alpha_-20%,10.0,70.17,0.00,0.00,1.6168478e-03,1.6081674e-03,-0.5369,0.0268,1.9961e-02
r130 (Delta_Kf > 0),Sensitivity_Test,B_alpha_+20%,10.0,70.17,0.00,0.00,1.6168478e-03,1.6255283e-03,0.5369,0.0268,1.9961e-02
r130 (Delta_Kf > 0),Sensitivity_Test,J0_-20%,10.0,70.17,0.00,0.00,1.6168478e-03,1.6215517e-03,0.2909,-0.0145,4.8642e-03
r130 (Delta_Kf > 0),Sensitivity_Test,J0_+20%,10.0,70.17,0.00,0.00,1.6168478e-03,1.6121439e-03,-0.2909,-0.0145,4.8642e-03
