Factor,Dataset,Low,High,Unit,Metric_Name,Metric_Low,Metric_Nominal,Metric_High,Physical_Sensitivity,Physical_Unit,Range_Impact,Rank
d_load,r070,-0.1,0.1,m,Estimator_Parameter_Error,0.000409732252694642,1.01436273452571e-06,0.0013095052268985,0.00449886487101928,(N/count)/m,0.00130849086416397,1
delta_g,r070,-2,2,percentage-point,Estimator_Parameter_Error,0.000246800646935433,1.01436273452571e-06,0.000248799048079094,4.99600285915264e-07,(N/count)/percentage-point,0.000247784685344568,2
sigma_y,r070,0,2,um,Estimator_Parameter_Error,1.01436273452571e-06,1.01436273452571e-06,9.46346679899087e-06,4.22455203223258e-06,(N/count)/um,8.44910406446516e-06,3
i_bias,r070,-20,20,count,Estimator_Parameter_Error,1.74098900590112e-06,1.01436273452571e-06,4.23063167472384e-07,3.29481459607184e-08,(N/count)/count,7.26626271375409e-07,4
d_act,r070,0,2,ms,Estimator_Parameter_Error,1.01436273452571e-06,1.01436273452571e-06,1.00757695070891e-06,3.3928919083992e-09,(N/count)/ms,6.7857838167984e-09,5
d_load,r070,-0.1,0.1,m,Physical_Yaw_RMS,0.000511185944262401,0.000156558455478417,0.000449815010331733,0.000306854669653336,rad/m,0.000354627488783983,1
delta_g,r070,-2,2,percentage-point,Physical_Yaw_RMS,0.000172298138845635,0.000156558455478417,0.000162032053257722,2.5665213969784e-06,rad/percentage-point,1.5739683367218e-05,2
sigma_y,r070,0,2,um,Physical_Yaw_RMS,0.000156558455478417,0.000156558455478417,0.000156598960315579,2.02524185807779e-08,rad/um,4.05048371615558e-08,3
i_bias,r070,-20,20,count,Physical_Yaw_RMS,0.000156542021268741,0.000156558455478417,0.000156591519928953,1.23746650530844e-09,rad/count,3.30644505354622e-08,4
d_act,r070,0,2,ms,Physical_Yaw_RMS,0.000156558455478417,0.000156558455478417,0.000156577000689683,9.27260563301959e-09,rad/ms,1.85452112660392e-08,5
d_load,r130,-0.1,0.1,m,Estimator_Parameter_Error,0.00130912858871985,1.062953944049e-06,0.000223157403944645,0.00542985592387603,(N/count)/m,0.0013080656347758,1
delta_g,r130,-2,2,percentage-point,Estimator_Parameter_Error,0.000229652173913043,1.062953944049e-06,0.000246918408922664,4.31655875240511e-06,(N/count)/percentage-point,0.000245855454978615,2
sigma_y,r130,0,2,um,Estimator_Parameter_Error,1.062953944049e-06,1.062953944049e-06,9.84620139114355e-06,4.39162372354728e-06,(N/count)/um,8.78324744709455e-06,3
i_bias,r130,-20,20,count,Estimator_Parameter_Error,1.59343231628849e-06,1.062953944049e-06,6.98697562436998e-09,3.9661133516603e-08,(N/count)/count,1.05596696842463e-06,4
d_act,r130,0,2,ms,Estimator_Parameter_Error,1.062953944049e-06,1.062953944049e-06,1.05157243703241e-06,5.69075350829052e-09,(N/count)/ms,1.1381507016581e-08,5
d_load,r130,-0.1,0.1,m,Physical_Yaw_RMS,0.000449651173727938,0.000156610498435003,0.000519902420746005,0.000351256235090333,rad/m,0.000363291922311002,1
delta_g,r130,-2,2,percentage-point,Physical_Yaw_RMS,0.000171462751129492,0.000156610498435003,0.000160540490686888,2.7305651106509e-06,rad/percentage-point,1.48522526944888e-05,2
sigma_y,r130,0,2,um,Physical_Yaw_RMS,0.000156610498435003,0.000156610498435003,0.00015686340358785,1.2645257642369e-07,rad/um,2.52905152847379e-07,3
i_bias,r130,-20,20,count,Physical_Yaw_RMS,0.000156625011784366,0.000156610498435003,0.000156581899934463,1.07779624757728e-09,rad/count,2.85985005399878e-08,4
d_act,r130,0,2,ms,Physical_Yaw_RMS,0.000156610498435003,0.000156610498435003,0.000156628887145351,9.19435517428107e-09,rad/ms,1.83887103485621e-08,5
