Trial_ID,Seed,Branch_ID,Original_dL_ms,Original_dR_ms,Applied_dL_ms,Applied_dR_ms,Original_delay_skew_ms,theta_exceed_ratio,abs_theta_final
1,20260925,D1-A,2,1,2,1,1,4.77512493059411,4.06561268466881e-07
2,20260926,D1-A,1,1,1,1,0,0,6.47797929347243e-06
3,20260927,D1-A,2,2,2,2,0,36.4797334813992,8.61182900518472e-06
4,20260928,D1-A,2,2,2,2,0,1.61021654636313,6.00059759299573e-06
5,20260929,D1-A,2,1,2,1,1,6.16324264297612,8.53149463300313e-07
6,20260930,D1-A,1,2,1,2,1,2.60966129927818,2.31076463254925e-09
7,20260931,D1-A,0,1,0,1,1,11.6601887840089,4.89111230907985e-06
8,20260932,D1-A,0,0,0,0,0,0,1.13623095227273e-06
9,20260933,D1-A,0,1,0,1,1,11.9378123264853,3.54196729314515e-06
10,20260934,D1-A,1,0,1,0,1,7.99555802332038,6.82136354688939e-07
11,20260935,D1-A,1,2,1,2,1,12.9927817878956,1.85246046862842e-06
12,20260936,D1-A,2,2,2,2,0,0.999444752915047,4.3992607393779e-06
13,20260937,D1-A,1,0,1,0,1,4.77512493059411,2.08688781264757e-06
14,20260938,D1-A,2,1,2,1,1,5.27484730705164,2.70945556005376e-06
15,20260939,D1-A,0,0,0,0,0,17.6568573014992,5.95829253555798e-06
16,20260940,D1-A,0,0,0,0,0,18.4897279289284,2.49610147874414e-06
17,20260941,D1-A,0,2,0,2,2,15.4913936701832,6.64475106364885e-07
18,20260942,D1-A,2,2,2,2,0,0,2.73107462560297e-06
19,20260943,D1-A,2,2,2,2,0,3.16490838423098,1.09793403958111e-06
20,20260944,D1-A,0,2,0,2,2,18.9339255968906,2.94233571931881e-06
21,20260945,D1-A,1,2,1,2,1,9.27262631871183,1.25096531076833e-06
22,20260946,D1-A,1,1,1,1,0,0,3.74372807417914e-06
23,20260947,D1-A,1,2,1,2,1,7.38478622987229,1.85752636106303e-07
24,20260948,D1-A,2,2,2,2,0,10.9938922820655,4.16474026089438e-06
25,20260949,D1-A,1,2,1,2,1,10.0499722376458,1.7067766449775e-06
26,20260950,D1-A,0,2,0,2,2,13.7701277068295,7.62910866938827e-08
27,20260951,D1-A,2,1,2,1,1,5.83009439200444,1.19903199180027e-06
28,20260952,D1-A,1,1,1,1,0,0,1.52488874947067e-06
29,20260953,D1-A,2,1,2,1,1,7.60688506385342,1.93341533124777e-06
30,20260954,D1-A,0,0,0,0,0,5.77456968350916,8.76116047543576e-07
31,20260955,D1-A,0,0,0,0,0,2.2765130483065,7.42527335388825e-06
32,20260956,D1-A,2,2,2,2,0,0,8.71280572195594e-07
33,20260957,D1-A,1,0,1,0,1,6.44086618545253,6.52609497676443e-08
34,20260958,D1-A,2,2,2,2,0,0,4.42681104945341e-06
35,20260959,D1-A,2,2,2,2,0,33.870072182121,4.40551279545591e-06
36,20260960,D1-A,0,0,0,0,0,5.941143808995,7.03055788356701e-06
37,20260961,D1-A,2,1,2,1,1,17.2126596335369,7.51160402683451e-06
38,20260962,D1-A,1,2,1,2,1,11.1049416990561,2.52931863287523e-07
39,20260963,D1-A,0,1,0,1,1,12.3820099944475,4.13156623057426e-07
40,20260964,D1-A,1,2,1,2,1,6.16324264297612,3.66754171296158e-06
41,20260965,D1-A,1,0,1,0,1,7.38478622987229,9.62419705326134e-07
42,20260966,D1-A,1,0,1,0,1,5.1082731815658,2.31730284291773e-06
43,20260967,D1-A,1,0,1,0,1,4.55302609661299,5.18733245904048e-07
44,20260968,D1-A,1,1,1,1,0,0,5.1162294730226e-07
45,20260969,D1-A,0,1,0,1,1,5.27484730705164,2.50635507830962e-06
46,20260970,D1-A,1,1,1,1,0,5.60799555802332,4.41323942181293e-08
47,20260971,D1-A,0,1,0,1,1,8.60632981676846,8.15491045868621e-07
48,20260972,D1-A,1,0,1,0,1,6.77401443642421,1.97753529959611e-06
49,20260973,D1-A,2,1,2,1,1,5.83009439200444,2.30009786496609e-07
50,20260974,D1-A,2,0,2,0,2,9.49472515269295,8.71139692034509e-07
51,20260975,D1-A,2,2,2,2,0,0,2.34226984527806e-06
52,20260976,D1-A,0,1,0,1,1,5.33037201554692,1.6346737510012e-07
53,20260977,D1-A,1,0,1,0,1,6.32981676846197,2.66335025416619e-06
54,20260978,D1-A,1,0,1,0,1,6.77401443642421,6.29609220269437e-07
55,20260979,D1-A,0,0,0,0,0,12.1599111604664,2.07960437727223e-06
56,20260980,D1-A,2,1,2,1,1,6.94058856191005,8.1432431227527e-07
57,20260981,D1-A,1,0,1,0,1,11.88228761799,8.87219405956778e-07
58,20260982,D1-A,2,2,2,2,0,14.4364242087729,1.46710151666696e-06
59,20260983,D1-A,1,2,1,2,1,1.11049416990561,5.68519682521998e-07
60,20260984,D1-A,0,0,0,0,0,0,2.02813682191934e-06
61,20260985,D1-A,0,1,0,1,1,3.83120488617435,9.30613754623189e-07
62,20260986,D1-A,0,2,0,2,2,13.3259300388673,3.40147107497851e-06
63,20260987,D1-A,2,1,2,1,1,6.88506385341477,5.13121432510595e-06
64,20260988,D1-A,1,2,1,2,1,4.77512493059411,4.90545985410179e-06
65,20260989,D1-A,1,2,1,2,1,5.88561910049972,2.52616314964292e-06
66,20260990,D1-A,1,2,1,2,1,3.72015546918379,3.30467285881848e-06
67,20260991,D1-A,2,1,2,1,1,6.88506385341477,3.49056271251864e-06
68,20260992,D1-A,1,2,1,2,1,3.55358134369795,3.14365577594683e-06
69,20260993,D1-A,1,2,1,2,1,5.3858967240422,2.4692225721823e-06
70,20260994,D1-A,0,0,0,0,0,2.94280955024986,3.64521430683065e-07
71,20260995,D1-A,0,0,0,0,0,3.27595780122154,2.72129774204553e-06
72,20260996,D1-A,2,0,2,0,2,14.4364242087729,1.83607588798813e-06
73,20260997,D1-A,1,0,1,0,1,5.60799555802332,4.29940916053374e-06
74,20260998,D1-A,2,2,2,2,0,0,3.72792395412544e-06
75,20260999,D1-A,0,2,0,2,2,14.9361465852304,3.64627599638343e-06
76,20261000,D1-A,2,1,2,1,1,4.88617434758468,3.783741887508e-06
77,20261001,D1-A,0,0,0,0,0,0,2.94305662707515e-07
78,20261002,D1-A,0,1,0,1,1,3.77568017767907,4.72059046625655e-07
79,20261003,D1-A,1,2,1,2,1,5.05274847307052,3.82783582395336e-07
80,20261004,D1-A,1,1,1,1,0,0,4.2534748678411e-06
81,20261005,D1-A,0,2,0,2,2,14.658523042754,7.19630841910388e-07
82,20261006,D1-A,0,2,0,2,2,18.9894503053859,1.63606562682002e-06
83,20261007,D1-A,0,0,0,0,0,0,3.38157182649231e-06
84,20261008,D1-A,0,2,0,2,2,13.5480288728484,5.70029085217007e-06
85,20261009,D1-A,1,0,1,0,1,5.83009439200444,6.78632619227496e-07
86,20261010,D1-A,0,0,0,0,0,0,1.48870489630128e-06
87,20261011,D1-A,2,0,2,0,2,14.3253747917823,4.22167419937409e-07
88,20261012,D1-A,0,2,0,2,2,11.9378123264853,5.92935780678706e-06
89,20261013,D1-A,1,1,1,1,0,0,2.56264982456254e-06
90,20261014,D1-A,1,1,1,1,0,2.38756246529706,8.70452563894826e-07
91,20261015,D1-A,2,1,2,1,1,9.32815102720711,3.88315616294852e-06
92,20261016,D1-A,2,1,2,1,1,5.44142143253748,4.78190890720759e-06
93,20261017,D1-A,2,0,2,0,2,28.9283731260411,3.0084275658942e-06
94,20261018,D1-A,1,0,1,0,1,5.77456968350916,8.11666960785085e-07
95,20261019,D1-A,1,1,1,1,0,3.22043309272626,9.34879452321211e-07
96,20261020,D1-A,2,0,2,0,2,18.2676290949473,2.74626783903749e-06
97,20261021,D1-A,1,0,1,0,1,5.33037201554692,8.60568148767857e-07
98,20261022,D1-A,2,1,2,1,1,6.94058856191005,3.38440614939911e-08
99,20261023,D1-A,0,2,0,2,2,16.046640755136,1.44759475845234e-06
100,20261024,D1-A,2,0,2,0,2,13.9367018323154,1.36979576261733e-06
1,20260925,D1-B,2,1,1,1,1,1.94336479733481,5.3679164076426e-07
2,20260926,D1-B,1,1,1,1,0,0,6.47797929347243e-06
3,20260927,D1-B,2,2,1,1,0,36.7018323153803,8.99980556545957e-06
4,20260928,D1-B,2,2,1,1,0,0.721821210438645,6.07183046239038e-06
5,20260929,D1-B,2,1,1,1,1,0,9.62755038482834e-07
6,20260930,D1-B,1,2,1,1,1,5.60799555802332,1.29989941163672e-07
7,20260931,D1-B,0,1,1,1,1,0.555247084952804,4.96615485238718e-06
8,20260932,D1-B,0,0,1,1,0,0,1.56155855870142e-06
9,20260933,D1-B,0,1,1,1,1,1.22154358689617,3.61259996069494e-06
10,20260934,D1-B,1,0,1,1,1,1.05496946141033,5.62156613026789e-07
11,20260935,D1-B,1,2,1,1,1,0,2.1583134534225e-06
12,20260936,D1-B,2,2,1,1,0,0,4.02209066419227e-06
13,20260937,D1-B,1,0,1,1,1,0,1.37730173228173e-06
14,20260938,D1-B,2,1,1,1,1,0,2.41985450186192e-06
15,20260939,D1-B,0,0,1,1,0,8.55080510827318,5.94741382388491e-06
16,20260940,D1-B,0,0,1,1,0,7.16268739589117,1.65445626462456e-06
17,20260941,D1-B,0,2,1,1,2,0,1.11427797942553e-07
18,20260942,D1-B,2,2,1,1,0,0,2.38735025979474e-06
19,20260943,D1-B,2,2,1,1,0,0.721821210438645,7.0476585599089e-07
20,20260944,D1-B,0,2,1,1,2,5.77456968350916,3.56410867672822e-06
21,20260945,D1-B,1,2,1,1,1,0.277623542476402,1.93063535853187e-06
22,20260946,D1-B,1,1,1,1,0,0,3.74372807417914e-06
23,20260947,D1-B,1,2,1,1,1,0,3.48700557588547e-08
24,20260948,D1-B,2,2,1,1,0,5.33037201554692,4.18006210461442e-06
25,20260949,D1-B,1,2,1,1,1,16.5463631315936,1.01974553499195e-06
26,20260950,D1-B,0,2,1,1,2,2.94280955024986,5.09975483200887e-07
27,20260951,D1-B,2,1,1,1,1,0,1.06760021994876e-06
28,20260952,D1-B,1,1,1,1,0,0,1.52488874947067e-06
29,20260953,D1-B,2,1,1,1,1,0.166574125485841,2.22641722985536e-06
30,20260954,D1-B,0,0,1,1,0,6.2187673514714,1.34245300963156e-06
31,20260955,D1-B,0,0,1,1,0,3.22043309272626,7.35622657549126e-06
32,20260956,D1-B,2,2,1,1,0,0,4.63148280729219e-07
33,20260957,D1-B,1,0,1,1,1,0,2.28334169547317e-07
34,20260958,D1-B,2,2,1,1,0,0,5.28169571233194e-06
35,20260959,D1-B,2,2,1,1,0,34.0921710161022,3.62131695739617e-06
36,20260960,D1-B,0,0,1,1,0,11.3825652415325,6.67409845439065e-06
37,20260961,D1-B,2,1,1,1,1,0.277623542476402,8.07473094939888e-06
38,20260962,D1-B,1,2,1,1,1,0,3.73810096967939e-07
39,20260963,D1-B,0,1,1,1,1,0,5.30043278509183e-07
40,20260964,D1-B,1,2,1,1,1,0,3.58289001900553e-06
41,20260965,D1-B,1,0,1,1,1,0,1.24651180478296e-06
42,20260966,D1-B,1,0,1,1,1,0,2.45168025013502e-06
43,20260967,D1-B,1,0,1,1,1,0,2.35987931113846e-07
44,20260968,D1-B,1,1,1,1,0,0,5.1162294730226e-07
45,20260969,D1-B,0,1,1,1,1,0,2.18662428169712e-06
46,20260970,D1-B,1,1,1,1,0,5.60799555802332,4.41323942181293e-08
47,20260971,D1-B,0,1,1,1,1,0,4.9798777820189e-07
48,20260972,D1-B,1,0,1,1,1,0,1.25820715364046e-06
49,20260973,D1-B,2,1,1,1,1,0,1.52623491639988e-07
50,20260974,D1-B,2,0,1,1,2,0,1.4758958340075e-06
51,20260975,D1-B,2,2,1,1,0,0,2.38679241157403e-06
52,20260976,D1-B,0,1,1,1,1,0,9.09081024001826e-07
53,20260977,D1-B,1,0,1,1,1,0,2.6068145249941e-06
54,20260978,D1-B,1,0,1,1,1,1.44364242087729,3.21845127270825e-07
55,20260979,D1-B,0,0,1,1,0,15.2137701277068,2.44775506156371e-06
56,20260980,D1-B,2,1,1,1,1,0,1.55280992680811e-06
57,20260981,D1-B,1,0,1,1,1,5.941143808995,1.16164807519955e-06
58,20260982,D1-B,2,2,1,1,0,9.60577456968351,1.13474717629119e-06
59,20260983,D1-B,1,2,1,1,1,3.66463076068851,1.31336630483877e-07
60,20260984,D1-B,0,0,1,1,0,0.333148250971682,2.02374880395212e-06
61,20260985,D1-B,0,1,1,1,1,2.99833425874514,7.96464552469237e-07
62,20260986,D1-B,0,2,1,1,2,8.55080510827318,2.79932635783344e-06
63,20260987,D1-B,2,1,1,1,1,0.943920044419767,4.64294956071879e-06
64,20260988,D1-B,1,2,1,1,1,0,4.23717353210183e-06
65,20260989,D1-B,1,2,1,1,1,0,2.06632062630303e-06
66,20260990,D1-B,1,2,1,1,1,2.44308717379234,2.82125840276414e-06
67,20260991,D1-B,2,1,1,1,1,0,3.24440752844836e-06
68,20260992,D1-B,1,2,1,1,1,2.16546363131594,2.65063041393003e-06
69,20260993,D1-B,1,2,1,1,1,0,2.73131606677622e-06
70,20260994,D1-B,0,0,1,1,0,4.10882842865075,7.26128300733982e-07
71,20260995,D1-B,0,0,1,1,0,4.88617434758468,2.69860392652073e-06
72,20260996,D1-B,2,0,1,1,2,0,2.4320549205937e-06
73,20260997,D1-B,1,0,1,1,1,0,3.79677103356598e-06
74,20260998,D1-B,2,2,1,1,0,0,3.80279025144659e-06
75,20260999,D1-B,0,2,1,1,2,4.60855080510827,3.04109173194556e-06
76,20261000,D1-B,2,1,1,1,1,0.388672959466963,3.46051346260103e-06
77,20261001,D1-B,0,0,1,1,0,0,2.61795912106755e-07
78,20261002,D1-B,0,1,1,1,1,3.44253192670738,3.27169676181425e-07
79,20261003,D1-B,1,2,1,1,1,0,4.56165832773493e-07
80,20261004,D1-B,1,1,1,1,0,0,4.2534748678411e-06
81,20261005,D1-B,0,2,1,1,2,0.555247084952804,1.42429129536235e-07
82,20261006,D1-B,0,2,1,1,2,0,2.23504084551315e-06
83,20261007,D1-B,0,0,1,1,0,0,2.93127659689582e-06
84,20261008,D1-B,0,2,1,1,2,0,5.09171670974304e-06
85,20261009,D1-B,1,0,1,1,1,0,5.66064708498303e-07
86,20261010,D1-B,0,0,1,1,0,0,2.33106415616599e-06
87,20261011,D1-B,2,0,1,1,2,0,2.02102629087963e-07
88,20261012,D1-B,0,2,1,1,2,0,5.3254908157777e-06
89,20261013,D1-B,1,1,1,1,0,0,2.56264982456254e-06
90,20261014,D1-B,1,1,1,1,0,2.38756246529706,8.70452563894826e-07
91,20261015,D1-B,2,1,1,1,1,0.832870627429206,4.61279897806373e-06
92,20261016,D1-B,2,1,1,1,1,0,4.26254104041756e-06
93,20261017,D1-B,2,0,1,1,2,14.6029983342587,3.55580611426294e-06
94,20261018,D1-B,1,0,1,1,1,0,1.16187964961948e-06
95,20261019,D1-B,1,1,1,1,0,3.22043309272626,9.34879452321211e-07
96,20261020,D1-B,2,0,1,1,2,1.27706829539145,3.28556005384432e-06
97,20261021,D1-B,1,0,1,1,1,0,7.78865198775102e-07
98,20261022,D1-B,2,1,1,1,1,0,3.00839766582828e-07
99,20261023,D1-B,0,2,1,1,2,4.33092726263187,8.75458249801886e-07
100,20261024,D1-B,2,0,1,1,2,0.388672959466963,8.21545317329759e-07
1,20260925,D1-C,2,1,2,2,1,0,2.97273874870948e-07
2,20260926,D1-C,1,1,2,2,0,0,7.3037195770938e-06
3,20260927,D1-C,2,2,2,2,0,36.4797334813992,8.61182900518472e-06
4,20260928,D1-C,2,2,2,2,0,1.61021654636313,6.00059759299573e-06
5,20260929,D1-C,2,1,2,2,1,0,1.34085621955396e-06
6,20260930,D1-C,1,2,2,2,1,5.60799555802332,7.18622844744418e-07
7,20260931,D1-C,0,1,2,2,1,1.94336479733481,4.53894372124819e-06
8,20260932,D1-C,0,0,2,2,0,0,1.98429995604765e-06
9,20260933,D1-C,0,1,2,2,1,2.38756246529706,3.1626017364257e-06
10,20260934,D1-C,1,0,2,2,1,1.88784008883953,2.98441452042542e-07
11,20260935,D1-C,1,2,2,2,1,0,2.18385217066499e-06
12,20260936,D1-C,2,2,2,2,0,0.999444752915047,4.3992607393779e-06
13,20260937,D1-C,1,0,2,2,1,0,5.73203788242755e-07
14,20260938,D1-C,2,1,2,2,1,0,2.39702290615587e-06
15,20260939,D1-C,0,0,2,2,0,8.38423098278734,5.93904840280072e-06
16,20260940,D1-C,0,0,2,2,0,6.71848972792893,8.15609820867278e-07
17,20260941,D1-C,0,2,2,2,2,0,8.38320866291476e-08
18,20260942,D1-C,2,2,2,2,0,0,2.73107462560297e-06
19,20260943,D1-C,2,2,2,2,0,3.16490838423098,1.09793403958111e-06
20,20260944,D1-C,0,2,2,2,2,5.71904497501388,4.42578947491945e-06
21,20260945,D1-C,1,2,2,2,1,3.16490838423098,1.14786302222128e-06
22,20260946,D1-C,1,1,2,2,0,0.166574125485841,3.36142572545047e-06
23,20260947,D1-C,1,2,2,2,1,0,9.25184080633779e-07
24,20260948,D1-C,2,2,2,2,0,10.9938922820655,4.16474026089438e-06
25,20260949,D1-C,1,2,2,2,1,24.2087729039423,1.8255332589159e-06
26,20260950,D1-C,0,2,2,2,2,3.94225430316491,9.43855527499085e-07
27,20260951,D1-C,2,1,2,2,1,0,1.88617139929781e-06
28,20260952,D1-C,1,1,2,2,0,4.55302609661299,1.93887991025881e-06
29,20260953,D1-C,2,1,2,2,1,1.16601887840089,2.1986371824214e-06
30,20260954,D1-C,0,0,2,2,0,6.49639089394781,1.80614453104968e-06
31,20260955,D1-C,0,0,2,2,0,4.27540255413659,7.28955620858433e-06
32,20260956,D1-C,2,2,2,2,0,0,8.71280572195594e-07
33,20260957,D1-C,1,0,2,2,1,0.499722376457524,2.04852573431013e-07
34,20260958,D1-C,2,2,2,2,0,0,4.42681104945341e-06
35,20260959,D1-C,2,2,2,2,0,33.870072182121,4.40551279545591e-06
36,20260960,D1-C,0,0,2,2,0,18.1010549694614,6.31504461053606e-06
37,20260961,D1-C,2,1,2,2,1,0.943920044419767,7.56706774149583e-06
38,20260962,D1-C,1,2,2,2,1,0,7.40636544681099e-07
39,20260963,D1-C,0,1,2,2,1,0,1.36121722050411e-07
40,20260964,D1-C,1,2,2,2,1,0,3.14969407548671e-06
41,20260965,D1-C,1,0,2,2,1,0,1.19786316049478e-06
42,20260966,D1-C,1,0,2,2,1,0,3.34165303491347e-06
43,20260967,D1-C,1,0,2,2,1,0,2.81678406655877e-07
44,20260968,D1-C,1,1,2,2,0,0,1.47234076195657e-07
45,20260969,D1-C,0,1,2,2,1,0.277623542476402,2.1248134790586e-06
46,20260970,D1-C,1,1,2,2,0,12.8817323709051,7.12825816683592e-07
47,20260971,D1-C,0,1,2,2,1,0,4.49477130881207e-07
48,20260972,D1-C,1,0,2,2,1,1.77679067184897,4.5348314202249e-07
49,20260973,D1-C,2,1,2,2,1,0,2.77753266088547e-07
50,20260974,D1-C,2,0,2,2,2,0,1.46473182097363e-06
51,20260975,D1-C,2,2,2,2,0,0,2.34226984527806e-06
52,20260976,D1-C,0,1,2,2,1,0,1.77868943430491e-06
53,20260977,D1-C,1,0,2,2,1,0,3.08577318031487e-06
54,20260978,D1-C,1,0,2,2,1,2.16546363131594,3.31710525961123e-07
55,20260979,D1-C,0,0,2,2,0,15.8800666296502,2.81841027053357e-06
56,20260980,D1-C,2,1,2,2,1,0,6.59613177402399e-07
57,20260981,D1-C,1,0,2,2,1,6.60744031093837,1.07649767186482e-06
58,20260982,D1-C,2,2,2,2,0,14.4364242087729,1.46710151666696e-06
59,20260983,D1-C,1,2,2,2,1,5.1082731815658,6.77761676451606e-07
60,20260984,D1-C,0,0,2,2,0,1.94336479733481,2.02185633954436e-06
61,20260985,D1-C,0,1,2,2,1,4.88617434758468,1.16843889122904e-06
62,20260986,D1-C,0,2,2,2,2,13.1593559133815,3.11250588913446e-06
63,20260987,D1-C,2,1,2,2,1,1.55469183786785,5.06938029027925e-06
64,20260988,D1-C,1,2,2,2,1,0,4.99639954947645e-06
65,20260989,D1-C,1,2,2,2,1,0,2.45367079102048e-06
66,20260990,D1-C,1,2,2,2,1,3.77568017767907,3.19368396799632e-06
67,20260991,D1-C,2,1,2,2,1,0,3.22343452696066e-06
68,20260992,D1-C,1,2,2,2,1,4.05330372015547,3.03958641738991e-06
69,20260993,D1-C,1,2,2,2,1,0.943920044419767,2.77852861438644e-06
70,20260994,D1-C,0,0,2,2,0,5.3858967240422,1.09032074175246e-06
71,20260995,D1-C,0,0,2,2,0,6.10771793448084,2.67816774939384e-06
72,20260996,D1-C,2,0,2,2,2,0.333148250971682,1.57977831567548e-06
73,20260997,D1-C,1,0,2,2,1,0,3.38600586061421e-06
74,20260998,D1-C,2,2,2,2,0,0,3.72792395412544e-06
75,20260999,D1-C,0,2,2,2,2,5.49694614103276,2.97100112887221e-06
76,20261000,D1-C,2,1,2,2,1,0,3.46480017900383e-06
77,20261001,D1-C,0,0,2,2,0,0.277623542476402,2.31949772474279e-07
78,20261002,D1-C,0,1,2,2,1,4.60855080510827,6.9069162982867e-07
79,20261003,D1-C,1,2,2,2,1,0,8.93852529386663e-07
80,20261004,D1-C,1,1,2,2,0,0,4.27666781083e-06
81,20261005,D1-C,0,2,2,2,2,2.16546363131594,9.70438346359555e-07
82,20261006,D1-C,0,2,2,2,2,0,1.88528466698623e-06
83,20261007,D1-C,0,0,2,2,0,0,2.48363927392602e-06
84,20261008,D1-C,0,2,2,2,2,0,5.09817194712391e-06
85,20261009,D1-C,1,0,2,2,1,0,1.00507135791611e-06
86,20261010,D1-C,0,0,2,2,0,0,3.17608721736448e-06
87,20261011,D1-C,2,0,2,2,2,0,2.33781199563267e-07
88,20261012,D1-C,0,2,2,2,2,0,6.13918806022383e-06
89,20261013,D1-C,1,1,2,2,0,1.49916712937257,2.56622466409981e-06
90,20261014,D1-C,1,1,2,2,0,5.16379789006108,5.25354448777954e-07
91,20261015,D1-C,2,1,2,2,1,1.77679067184897,3.72539285152089e-06
92,20261016,D1-C,2,1,2,2,1,7.21821210438645,4.68901620066071e-06
93,20261017,D1-C,2,0,2,2,2,14.7140477512493,3.47880788897894e-06
94,20261018,D1-C,1,0,2,2,1,0,1.16042805647589e-06
95,20261019,D1-C,1,1,2,2,0,3.88672959466963,4.8661205883136e-07
96,20261020,D1-C,2,0,2,2,2,3.22043309272626,3.24609047406248e-06
97,20261021,D1-C,1,0,2,2,1,0,1.20659232977366e-06
98,20261022,D1-C,2,1,2,2,1,0,2.70014884933609e-07
99,20261023,D1-C,0,2,2,2,2,4.77512493059411,4.23356788224136e-07
100,20261024,D1-C,2,0,2,2,2,1.05496946141033,8.11342975598446e-07
1,20260925,D1-D,2,1,2,2,1,0,2.97273874870948e-07
2,20260926,D1-D,1,1,1,1,0,0,6.47797929347243e-06
3,20260927,D1-D,2,2,2,2,0,36.4797334813992,8.61182900518472e-06
4,20260928,D1-D,2,2,2,2,0,1.61021654636313,6.00059759299573e-06
5,20260929,D1-D,2,1,2,2,1,0,1.34085621955396e-06
6,20260930,D1-D,1,2,2,2,1,5.60799555802332,7.18622844744418e-07
7,20260931,D1-D,0,1,1,1,1,0.555247084952804,4.96615485238718e-06
8,20260932,D1-D,0,0,0,0,0,0,1.13623095227273e-06
9,20260933,D1-D,0,1,1,1,1,1.22154358689617,3.61259996069494e-06
10,20260934,D1-D,1,0,1,1,1,1.05496946141033,5.62156613026789e-07
11,20260935,D1-D,1,2,2,2,1,0,2.18385217066499e-06
12,20260936,D1-D,2,2,2,2,0,0.999444752915047,4.3992607393779e-06
13,20260937,D1-D,1,0,1,1,1,0,1.37730173228173e-06
14,20260938,D1-D,2,1,2,2,1,0,2.39702290615587e-06
15,20260939,D1-D,0,0,0,0,0,17.6568573014992,5.95829253555798e-06
16,20260940,D1-D,0,0,0,0,0,18.4897279289284,2.49610147874414e-06
17,20260941,D1-D,0,2,2,2,2,0,8.38320866291476e-08
18,20260942,D1-D,2,2,2,2,0,0,2.73107462560297e-06
19,20260943,D1-D,2,2,2,2,0,3.16490838423098,1.09793403958111e-06
20,20260944,D1-D,0,2,2,2,2,5.71904497501388,4.42578947491945e-06
21,20260945,D1-D,1,2,2,2,1,3.16490838423098,1.14786302222128e-06
22,20260946,D1-D,1,1,1,1,0,0,3.74372807417914e-06
23,20260947,D1-D,1,2,2,2,1,0,9.25184080633779e-07
24,20260948,D1-D,2,2,2,2,0,10.9938922820655,4.16474026089438e-06
25,20260949,D1-D,1,2,2,2,1,24.2087729039423,1.8255332589159e-06
26,20260950,D1-D,0,2,2,2,2,3.94225430316491,9.43855527499085e-07
27,20260951,D1-D,2,1,2,2,1,0,1.88617139929781e-06
28,20260952,D1-D,1,1,1,1,0,0,1.52488874947067e-06
29,20260953,D1-D,2,1,2,2,1,1.16601887840089,2.1986371824214e-06
30,20260954,D1-D,0,0,0,0,0,5.77456968350916,8.76116047543576e-07
31,20260955,D1-D,0,0,0,0,0,2.2765130483065,7.42527335388825e-06
32,20260956,D1-D,2,2,2,2,0,0,8.71280572195594e-07
33,20260957,D1-D,1,0,1,1,1,0,2.28334169547317e-07
34,20260958,D1-D,2,2,2,2,0,0,4.42681104945341e-06
35,20260959,D1-D,2,2,2,2,0,33.870072182121,4.40551279545591e-06
36,20260960,D1-D,0,0,0,0,0,5.941143808995,7.03055788356701e-06
37,20260961,D1-D,2,1,2,2,1,0.943920044419767,7.56706774149583e-06
38,20260962,D1-D,1,2,2,2,1,0,7.40636544681099e-07
39,20260963,D1-D,0,1,1,1,1,0,5.30043278509183e-07
40,20260964,D1-D,1,2,2,2,1,0,3.14969407548671e-06
41,20260965,D1-D,1,0,1,1,1,0,1.24651180478296e-06
42,20260966,D1-D,1,0,1,1,1,0,2.45168025013502e-06
43,20260967,D1-D,1,0,1,1,1,0,2.35987931113846e-07
44,20260968,D1-D,1,1,1,1,0,0,5.1162294730226e-07
45,20260969,D1-D,0,1,1,1,1,0,2.18662428169712e-06
46,20260970,D1-D,1,1,1,1,0,5.60799555802332,4.41323942181293e-08
47,20260971,D1-D,0,1,1,1,1,0,4.9798777820189e-07
48,20260972,D1-D,1,0,1,1,1,0,1.25820715364046e-06
49,20260973,D1-D,2,1,2,2,1,0,2.77753266088547e-07
50,20260974,D1-D,2,0,2,2,2,0,1.46473182097363e-06
51,20260975,D1-D,2,2,2,2,0,0,2.34226984527806e-06
52,20260976,D1-D,0,1,1,1,1,0,9.09081024001826e-07
53,20260977,D1-D,1,0,1,1,1,0,2.6068145249941e-06
54,20260978,D1-D,1,0,1,1,1,1.44364242087729,3.21845127270825e-07
55,20260979,D1-D,0,0,0,0,0,12.1599111604664,2.07960437727223e-06
56,20260980,D1-D,2,1,2,2,1,0,6.59613177402399e-07
57,20260981,D1-D,1,0,1,1,1,5.941143808995,1.16164807519955e-06
58,20260982,D1-D,2,2,2,2,0,14.4364242087729,1.46710151666696e-06
59,20260983,D1-D,1,2,2,2,1,5.1082731815658,6.77761676451606e-07
60,20260984,D1-D,0,0,0,0,0,0,2.02813682191934e-06
61,20260985,D1-D,0,1,1,1,1,2.99833425874514,7.96464552469237e-07
62,20260986,D1-D,0,2,2,2,2,13.1593559133815,3.11250588913446e-06
63,20260987,D1-D,2,1,2,2,1,1.55469183786785,5.06938029027925e-06
64,20260988,D1-D,1,2,2,2,1,0,4.99639954947645e-06
65,20260989,D1-D,1,2,2,2,1,0,2.45367079102048e-06
66,20260990,D1-D,1,2,2,2,1,3.77568017767907,3.19368396799632e-06
67,20260991,D1-D,2,1,2,2,1,0,3.22343452696066e-06
68,20260992,D1-D,1,2,2,2,1,4.05330372015547,3.03958641738991e-06
69,20260993,D1-D,1,2,2,2,1,0.943920044419767,2.77852861438644e-06
70,20260994,D1-D,0,0,0,0,0,2.94280955024986,3.64521430683065e-07
71,20260995,D1-D,0,0,0,0,0,3.27595780122154,2.72129774204553e-06
72,20260996,D1-D,2,0,2,2,2,0.333148250971682,1.57977831567548e-06
73,20260997,D1-D,1,0,1,1,1,0,3.79677103356598e-06
74,20260998,D1-D,2,2,2,2,0,0,3.72792395412544e-06
75,20260999,D1-D,0,2,2,2,2,5.49694614103276,2.97100112887221e-06
76,20261000,D1-D,2,1,2,2,1,0,3.46480017900383e-06
77,20261001,D1-D,0,0,0,0,0,0,2.94305662707515e-07
78,20261002,D1-D,0,1,1,1,1,3.44253192670738,3.27169676181425e-07
79,20261003,D1-D,1,2,2,2,1,0,8.93852529386663e-07
80,20261004,D1-D,1,1,1,1,0,0,4.2534748678411e-06
81,20261005,D1-D,0,2,2,2,2,2.16546363131594,9.70438346359555e-07
82,20261006,D1-D,0,2,2,2,2,0,1.88528466698623e-06
83,20261007,D1-D,0,0,0,0,0,0,3.38157182649231e-06
84,20261008,D1-D,0,2,2,2,2,0,5.09817194712391e-06
85,20261009,D1-D,1,0,1,1,1,0,5.66064708498303e-07
86,20261010,D1-D,0,0,0,0,0,0,1.48870489630128e-06
87,20261011,D1-D,2,0,2,2,2,0,2.33781199563267e-07
88,20261012,D1-D,0,2,2,2,2,0,6.13918806022383e-06
89,20261013,D1-D,1,1,1,1,0,0,2.56264982456254e-06
90,20261014,D1-D,1,1,1,1,0,2.38756246529706,8.70452563894826e-07
91,20261015,D1-D,2,1,2,2,1,1.77679067184897,3.72539285152089e-06
92,20261016,D1-D,2,1,2,2,1,7.21821210438645,4.68901620066071e-06
93,20261017,D1-D,2,0,2,2,2,14.7140477512493,3.47880788897894e-06
94,20261018,D1-D,1,0,1,1,1,0,1.16187964961948e-06
95,20261019,D1-D,1,1,1,1,0,3.22043309272626,9.34879452321211e-07
96,20261020,D1-D,2,0,2,2,2,3.22043309272626,3.24609047406248e-06
97,20261021,D1-D,1,0,1,1,1,0,7.78865198775102e-07
98,20261022,D1-D,2,1,2,2,1,0,2.70014884933609e-07
99,20261023,D1-D,0,2,2,2,2,4.77512493059411,4.23356788224136e-07
100,20261024,D1-D,2,0,2,2,2,1.05496946141033,8.11342975598446e-07
1,20260925,D1-E,2,1,2,1,1,3.94225430316491,1.35316447437868e-06
2,20260926,D1-E,1,1,1,1,0,0,5.65522862756566e-06
3,20260927,D1-E,2,2,2,2,0,36.8128817323709,9.40999568674832e-06
4,20260928,D1-E,2,2,2,2,0,0.166574125485841,6.1270879746783e-06
5,20260929,D1-E,2,1,2,1,1,0,6.73973522368099e-07
6,20260930,D1-E,1,2,1,2,1,5.71904497501388,9.81732599376298e-07
7,20260931,D1-E,0,1,0,1,1,0,5.42001999056367e-06
8,20260932,D1-E,0,0,0,0,0,0,1.13623095227273e-06
9,20260933,D1-E,0,1,0,1,1,0.388672959466963,4.03973237578042e-06
10,20260934,D1-E,1,0,1,0,1,0.111049416990561,1.42276748584423e-06
11,20260935,D1-E,1,2,1,2,1,0,2.13580891345646e-06
12,20260936,D1-E,2,2,2,2,0,0,3.65005701961961e-06
13,20260937,D1-E,1,0,1,0,1,1.38811771238201,2.17804354525618e-06
14,20260938,D1-E,2,1,2,1,1,0,2.43183460755461e-06
15,20260939,D1-E,0,0,0,0,0,17.6568573014992,5.95829253555798e-06
16,20260940,D1-E,0,0,0,0,0,18.4897279289284,2.49610147874414e-06
17,20260941,D1-E,0,2,0,2,2,0,1.9569735385556e-07
18,20260942,D1-E,2,2,2,2,0,0,2.04555596740619e-06
19,20260943,D1-E,2,2,2,2,0,0,2.79732097865175e-07
20,20260944,D1-E,0,2,0,2,2,5.99666851749028,2.68722704756397e-06
21,20260945,D1-E,1,2,1,2,1,0,2.68530838779699e-06
22,20260946,D1-E,1,1,1,1,0,0,4.11583142639162e-06
23,20260947,D1-E,1,2,1,2,1,0,8.51149127662943e-07
24,20260948,D1-E,2,2,2,2,0,4.38645197112715,4.14305905730278e-06
25,20260949,D1-E,1,2,1,2,1,4.16435313714603,2.91151441865288e-07
26,20260950,D1-E,0,2,0,2,2,1.05496946141033,4.29154040928668e-08
27,20260951,D1-E,2,1,2,1,1,0.388672959466963,1.86025966052786e-07
28,20260952,D1-E,1,1,1,1,0,0,1.09489764571674e-06
29,20260953,D1-E,2,1,2,1,1,0,2.17352094616122e-06
30,20260954,D1-E,0,0,0,0,0,5.77456968350916,8.76116047543576e-07
31,20260955,D1-E,0,0,0,0,0,2.2765130483065,7.42527335388825e-06
32,20260956,D1-E,2,2,2,2,0,0,9.78318724389361e-08
33,20260957,D1-E,1,0,1,0,1,0,2.82748750680288e-07
34,20260958,D1-E,2,2,2,2,0,0,6.17861695316283e-06
35,20260959,D1-E,2,2,2,2,0,28.9283731260411,2.87519167025326e-06
36,20260960,D1-E,0,0,0,0,0,5.941143808995,7.03055788356701e-06
37,20260961,D1-E,2,1,2,1,1,22.5430316490838,8.54967021983724e-06
38,20260962,D1-E,1,2,1,2,1,0,7.86037583660884e-08
39,20260963,D1-E,0,1,0,1,1,0,9.25847106564884e-07
40,20260964,D1-E,1,2,1,2,1,0,4.0757599014891e-06
41,20260965,D1-E,1,0,1,0,1,0,1.31743142277849e-06
42,20260966,D1-E,1,0,1,0,1,0,1.54900222414675e-06
43,20260967,D1-E,1,0,1,0,1,1.61021654636313,2.0687234191127e-07
44,20260968,D1-E,1,1,1,1,0,0,8.86861503910612e-07
45,20260969,D1-E,0,1,0,1,1,0,2.27143284397666e-06
46,20260970,D1-E,1,1,1,1,0,1.66574125485841,8.31930809659154e-07
47,20260971,D1-E,0,1,0,1,1,0,5.82605587531009e-07
48,20260972,D1-E,1,0,1,0,1,0,2.07674881349686e-06
49,20260973,D1-E,2,1,2,1,1,0,6.58453250811995e-07
50,20260974,D1-E,2,0,2,0,2,0,1.48336211012632e-06
51,20260975,D1-E,2,2,2,2,0,0,2.41389443777883e-06
52,20260976,D1-E,0,1,0,1,1,0,5.10005539389964e-08
53,20260977,D1-E,1,0,1,0,1,0,2.10193698068829e-06
54,20260978,D1-E,1,0,1,0,1,0.555247084952804,3.18963978484224e-07
55,20260979,D1-E,0,0,0,0,0,12.1599111604664,2.07960437727223e-06
56,20260980,D1-E,2,1,2,1,1,0,2.47950683423583e-06
57,20260981,D1-E,1,0,1,0,1,4.94169905607996,1.23672650078874e-06
58,20260982,D1-E,2,2,2,2,0,4.77512493059411,8.52131496247573e-07
59,20260983,D1-E,1,2,1,2,1,2.16546363131594,9.03915468307241e-07
60,20260984,D1-E,0,0,0,0,0,0,2.02813682191934e-06
61,20260985,D1-E,0,1,0,1,1,0,4.19516864795694e-07
62,20260986,D1-E,0,2,0,2,2,3.60910605219323,2.5115158798407e-06
63,20260987,D1-E,2,1,2,1,1,0.388672959466963,4.21346854756235e-06
64,20260988,D1-E,1,2,1,2,1,0,3.45973008989056e-06
65,20260989,D1-E,1,2,1,2,1,0,1.69549958003622e-06
66,20260990,D1-E,1,2,1,2,1,1.44364242087729,2.50620843710315e-06
67,20260991,D1-E,2,1,2,1,1,0,3.24203713020635e-06
68,20260992,D1-E,1,2,1,2,1,0.666296501943365,2.23731006736795e-06
69,20260993,D1-E,1,2,1,2,1,0,2.688581256755e-06
70,20260994,D1-E,0,0,0,0,0,2.94280955024986,3.64521430683065e-07
71,20260995,D1-E,0,0,0,0,0,3.27595780122154,2.72129774204553e-06
72,20260996,D1-E,2,0,2,0,2,0,3.30586821074868e-06
73,20260997,D1-E,1,0,1,0,1,1.05496946141033,4.22685297755635e-06
74,20260998,D1-E,2,2,2,2,0,0,3.88690942461809e-06
75,20260999,D1-E,0,2,0,2,2,3.33148250971682,3.11410225682949e-06
76,20261000,D1-E,2,1,2,1,1,1.44364242087729,3.47532079217089e-06
77,20261001,D1-E,0,0,0,0,0,0,2.94305662707515e-07
78,20261002,D1-E,0,1,0,1,1,1.11049416990561,3.79115152412033e-08
79,20261003,D1-E,1,2,1,2,1,0,4.2028903326092e-09
80,20261004,D1-E,1,1,1,1,0,0,4.23496253012857e-06
81,20261005,D1-E,0,2,0,2,2,0,7.0748493919215e-07
82,20261006,D1-E,0,2,0,2,2,0,2.57056367924142e-06
83,20261007,D1-E,0,0,0,0,0,0,3.38157182649231e-06
84,20261008,D1-E,0,2,0,2,2,0,5.10684056265308e-06
85,20261009,D1-E,1,0,1,0,1,0,1.03246006875668e-07
86,20261010,D1-E,0,0,0,0,0,0,1.48870489630128e-06
87,20261011,D1-E,2,0,2,0,2,0,6.15236831718924e-07
88,20261012,D1-E,0,2,0,2,2,0,4.5179419265538e-06
89,20261013,D1-E,1,1,1,1,0,0,2.56011576669171e-06
90,20261014,D1-E,1,1,1,1,0,1.11049416990561,1.22125589921924e-06
91,20261015,D1-E,2,1,2,1,1,0,5.54391297461602e-06
92,20261016,D1-E,2,1,2,1,1,0,3.85441218039231e-06
93,20261017,D1-E,2,0,2,0,2,19.2670738478623,3.66401060348425e-06
94,20261018,D1-E,1,0,1,0,1,0,1.13931440019258e-06
95,20261019,D1-E,1,1,1,1,0,2.38756246529706,1.38806106233794e-06
96,20261020,D1-E,2,0,2,0,2,0,3.34445173226402e-06
97,20261021,D1-E,1,0,1,0,1,0,3.21213006795455e-07
98,20261022,D1-E,2,1,2,1,1,0,2.65567314905406e-07
99,20261023,D1-E,0,2,0,2,2,3.72015546918379,1.35317477710529e-06
100,20261024,D1-E,2,0,2,0,2,0,7.38182648390163e-07
