Trial_ID,RNG_Seed,RMS_Alpha_Base_rad,RMS_Alpha_Raw_Gated_rad,RMS_Alpha_Eng_Gated_rad,Gate_Active_Raw_pct,Gate_Active_Eng_pct,Delta_RMS_Alpha_urad,Pct_Improvement_vs_Raw,Pct_Improvement_vs_Base,Paired_Status
1,20260925,0.000158704406301879,0.000159071361127015,0.000158775951802297,100,0,0.295409324717821,0.185708679818197,-0.045080979215073,IMPROVED_OR_EQUAL
2,20260926,0.000157383241944928,0.000154498110224174,0.00015740714996481,100,0.388672959466963,-2.9090397406365,-1.88289664929593,-0.0151909565381469,SLIGHT_DEGRADED
3,20260927,0.000157234228154147,0.00015547815415457,0.000157295289392565,100,0,-1.817135237995,-1.1687399093949,-0.0388345712861282,SLIGHT_DEGRADED
4,20260928,0.000156494770523994,0.000156394305147024,0.000156043279741875,23.4869516935036,19.1004997223765,0.351025405149851,0.22444896879068,0.288502152888537,IMPROVED_OR_EQUAL
5,20260929,0.000157234228154147,0.000163712038942228,0.000156884639091804,100,57.3570238756247,6.82739985042365,4.17037127784656,0.222336488973318,IMPROVED_OR_EQUAL
6,20260930,0.000157383241944928,0.000168681508931461,0.000157479921201214,100,0,11.2015877302475,6.6406731841597,-0.0614291935347122,IMPROVED_OR_EQUAL
7,20260931,0.000157277306799042,0.00016007005352817,0.0001573563090331,100,0,2.71374449506946,1.69534802747591,-0.0502311717218484,IMPROVED_OR_EQUAL
8,20260932,0.000156605824178569,0.000155404097140137,0.000156651880768841,100,0,-1.24778362870472,-0.802928398714942,-0.0294092448438699,SLIGHT_DEGRADED
9,20260933,0.000157277306799042,0.000157759217311528,0.000157409998797046,16.046640755136,0,0.349218514481486,0.221361718467383,-0.0843681779044925,IMPROVED_OR_EQUAL
10,20260934,0.000157383241944928,0.000155860227618195,0.000156580501062613,100,35.3137146029983,-0.720273444418401,-0.46212780221444,0.510054865050891,SLIGHT_DEGRADED
11,20260935,0.000156494770523994,0.000156952217038051,0.000156581712001259,35.7579122709606,0,0.370505036791194,0.23606231487725,-0.0555555159920118,IMPROVED_OR_EQUAL
12,20260936,0.000157277306799042,0.000155904397044239,0.00015735663288822,90.1166018878401,0,-1.45223584398091,-0.931491267413587,-0.0504370851665437,SLIGHT_DEGRADED
13,20260937,0.000158704406301879,0.000156559608050211,0.000158775951802297,86.340921710161,0,-2.21634375208594,-1.41565489316702,-0.045080979215073,SLIGHT_DEGRADED
14,20260938,0.000156547845527098,0.000153468305751212,0.000156634199648268,100,0,-3.16589389705597,-2.06289753546132,-0.055161488092792,SLIGHT_DEGRADED
15,20260939,0.000156581712001259,0.000154412412004425,0.000156585553445981,91.3381454747363,0,-2.17314144155626,-1.40736189102078,-0.00245331633736967,SLIGHT_DEGRADED
16,20260940,0.000157383241944928,0.000155206869629781,0.000157234154011891,74.7917823431427,3.3870072182121,-2.02728438211013,-1.30618212128488,0.094729229868884,SLIGHT_DEGRADED
17,20260941,0.000156600252489253,0.000158169532196952,0.000156974789010781,87.3958911715713,3.83120488617435,1.19474318617177,0.755356085067049,-0.239167252653805,IMPROVED_OR_EQUAL
18,20260942,0.000157234228154147,0.000157424150141188,0.000157314132654616,100,0,0.110017486572815,0.0698860285884617,-0.0508187698106122,IMPROVED_OR_EQUAL
19,20260943,0.000157277306799042,0.000157817598898974,0.000157183659100224,100,1.44364242087729,0.633939798749475,0.40169144833796,0.0595430457987378,IMPROVED_OR_EQUAL
20,20260944,0.000157383241944928,0.000161979871093521,0.000157479921201214,83.6202109938923,0,4.49994989230732,2.77809203200885,-0.0614291935347122,IMPROVED_OR_EQUAL
21,20260945,0.000158704406301879,0.000162262910161621,0.000158636860627908,100,1.05496946141033,3.62604953371262,2.23467552141209,0.0425606796591649,IMPROVED_OR_EQUAL
22,20260946,0.000157274413423919,0.000157038857160914,0.000158092290695566,100,22.6540810660744,-1.05343353465242,-0.670810749452277,-0.520031996204384,SLIGHT_DEGRADED
23,20260947,0.000157383241944928,0.000157815812562291,0.000157469969139801,47.5846751804553,0,0.345843422489548,0.219143707385494,-0.0551057366726448,IMPROVED_OR_EQUAL
24,20260948,0.000156494770523994,0.0001571987802884,0.000156581712001259,67.2959466962798,0,0.617068287140168,0.392540124044272,-0.0555555159920118,IMPROVED_OR_EQUAL
25,20260949,0.000158704406301879,0.000159233360699492,0.000158562518972912,95.05830094392,2.16546363131594,0.670841726580098,0.421294710877906,0.0894035221032707,IMPROVED_OR_EQUAL
26,20260950,0.000156621246555926,0.000155023229247469,0.000156406802836091,75.5136035535813,22.2654081066074,-1.38357358862236,-0.89249436703045,0.136918664964447,SLIGHT_DEGRADED
27,20260951,0.000158704406301879,0.000154512715613326,0.000158199211181351,93.5591338145475,16.435313714603,-3.68649556802496,-2.3858849114079,0.318324571005835,SLIGHT_DEGRADED
28,20260952,0.000156605824178569,0.000155742845390205,0.000156818218848541,100,28.4841754580788,-1.07537345833564,-0.690480166611418,-0.135623736272805,SLIGHT_DEGRADED
29,20260953,0.000156547845527098,0.00016108055532478,0.000156216346394234,100,9.77234869516935,4.86420893054622,3.0197368768308,0.211755793730739,IMPROVED_OR_EQUAL
30,20260954,0.000156605824178569,0.00015806232589895,0.000156651880768841,100,0,1.41044513010869,0.892334793940963,-0.0294092448438699,IMPROVED_OR_EQUAL
31,20260955,0.000156591180353381,0.000154983855499807,0.000156634199648268,100,0,-1.65034414846056,-1.06484907291688,-0.0274723613360006,SLIGHT_DEGRADED
32,20260956,0.000157277306799042,0.000159642614582077,0.00015713745744596,100,2.10993892282066,2.50515713611711,1.5692283308409,0.0889189648071609,IMPROVED_OR_EQUAL
33,20260957,0.000156591180353381,0.000163487360506784,0.000156220648921609,100,5.33037201554692,7.26671158517476,4.44481552742008,0.236623436221473,IMPROVED_OR_EQUAL
34,20260958,0.000157383241944928,0.000160003823543115,0.000157479921201214,93.5591338145475,0,2.52390234190111,1.5774012683022,-0.0614291935347122,IMPROVED_OR_EQUAL
35,20260959,0.000158704406301879,0.000161254819972627,0.000158775951802297,100,0,2.47886817032967,1.5372366362447,-0.045080979215073,IMPROVED_OR_EQUAL
36,20260960,0.000157274413423919,0.000159142836438055,0.000157138574134704,100,2.10993892282066,2.00426230335062,1.25941094692676,0.0863708763920612,IMPROVED_OR_EQUAL
37,20260961,0.000156559622099019,0.000152247604669236,0.000156018075727893,91.0049972237646,51.5269294836202,-3.77047105865671,-2.47653883740779,0.345904240100858,SLIGHT_DEGRADED
38,20260962,0.000156559622099019,0.000156748050349054,0.000156666646958124,44.1976679622432,0,0.0814033909299274,0.0519326337703463,-0.0683604480328226,IMPROVED_OR_EQUAL
39,20260963,0.000157274413423919,0.00015645449807121,0.000157314132654616,100,0,-0.859634583405273,-0.54944702389701,-0.0252547314161022,SLIGHT_DEGRADED
40,20260964,0.000156559622099019,0.000158400527773593,0.000156651880768841,100,0,1.74864700475133,1.10394013790833,-0.0589287765168089,IMPROVED_OR_EQUAL
41,20260965,0.000156591180353381,0.000155634710183198,0.000156548275791591,87.3958911715713,0.610771793448084,-0.913565608393248,-0.586993484498333,0.0273990921409561,SLIGHT_DEGRADED
42,20260966,0.000157383241944928,0.000160434243742224,0.000157272690504513,94.2254303164908,18.7118267629095,3.16155323771145,1.97062245812761,0.0702434636937643,IMPROVED_OR_EQUAL
43,20260967,0.000156591180353381,0.000154528561612869,0.000156634199648268,86.0632981676846,0,-2.10563803539909,-1.3626206142229,-0.0274723613360006,SLIGHT_DEGRADED
44,20260968,0.000157277306799042,0.000156903698094567,0.0001573563090331,100,0,-0.452610938533041,-0.288464162431823,-0.0502311717218484,SLIGHT_DEGRADED
45,20260969,0.000156600252489253,0.0001569099913511,0.00015668599729871,11.493614658523,0,0.22399405239033,0.14275321186471,-0.0547539407463882,IMPROVED_OR_EQUAL
46,20260970,0.000158704406301879,0.000156769541826286,0.000158783461073852,93.7257079400333,0,-2.01391924756607,-1.28463681408069,-0.0498125879519362,SLIGHT_DEGRADED
47,20260971,0.000156600252489253,0.000157864737153326,0.000156131527392124,83.17601332593,5.1082731815658,1.73320976120243,1.09790811580616,0.299313117111022,IMPROVED_OR_EQUAL
48,20260972,0.000158704406301879,0.000156266440989379,0.000158059886761074,89.2837312604109,43.0316490838423,-1.79344577169515,-1.14768453184202,0.406113198633429,SLIGHT_DEGRADED
49,20260973,0.000157234228154147,0.000158465322252164,0.000157314132654616,94.0033314825097,0,1.15118959754805,0.726461525579825,-0.0508187698106122,IMPROVED_OR_EQUAL
50,20260974,0.000156547845527098,0.000154162177844802,0.000156310547291685,100,3.3870072182121,-2.14836944688267,-1.39357751487235,0.151581923477817,SLIGHT_DEGRADED
51,20260975,0.000156600252489253,0.000155762747065012,0.00015668599729871,84.0644086618545,0,-0.923250233697456,-0.592728525333541,-0.0547539407463882,SLIGHT_DEGRADED
52,20260976,0.000157383241944928,0.00015650867141329,0.000157231357686431,72.0155469183787,31.4269850083287,-0.722686273140377,-0.461754781134127,0.0965059917566458,SLIGHT_DEGRADED
53,20260977,0.000156621246555926,0.000164195839941091,0.000156720688721632,100,0,7.47515121945913,4.55258258804915,-0.0634921301497116,IMPROVED_OR_EQUAL
54,20260978,0.000156591180353381,0.000155303611296616,0.000156634199648268,100,0,-1.33058835165184,-0.85676587977761,-0.0274723613360006,SLIGHT_DEGRADED
55,20260979,0.000157277306799042,0.000156133717257764,0.000157474002209662,100,1.22154358689617,-1.3402849518977,-0.858421214480543,-0.12506280443294,SLIGHT_DEGRADED
56,20260980,0.000157383241944928,0.000155693772657249,0.000157479921201214,100,0,-1.78614854396501,-1.1472190014286,-0.0614291935347122,SLIGHT_DEGRADED
57,20260981,0.000156591180353381,0.000160523241663241,0.000156634199648268,96.1687951138257,0,3.88904201497302,2.42272830692752,-0.0274723613360006,IMPROVED_OR_EQUAL
58,20260982,0.000157234228154147,0.000156837628242548,0.000157314132654616,100,0,-0.476504412067928,-0.303820210371342,-0.0508187698106122,SLIGHT_DEGRADED
59,20260983,0.000158704406301879,0.000161683988954862,0.000158571999783698,82.8983897834536,2.99833425874514,3.11198917116363,1.92473552346141,0.0834296421041603,IMPROVED_OR_EQUAL
60,20260984,0.000156600252489253,0.000155511020897326,0.000156562028783088,100,1.49916712937257,-1.05100788576191,-0.67584141606003,0.0244084575583003,SLIGHT_DEGRADED
61,20260985,0.000157274413423919,0.000158908691077724,0.000157314132654616,100,0,1.59455842310791,1.00344318003853,-0.0252547314161022,IMPROVED_OR_EQUAL
62,20260986,0.000157234228154147,0.000157657457887604,0.00015707105493867,20.4886174347585,2.44308717379234,0.586402948933942,0.371947484623281,0.10377715933243,IMPROVED_OR_EQUAL
63,20260987,0.000156621246555926,0.000154866451748875,0.000156713226877923,100,0,-1.84677512904871,-1.19249528105891,-0.0587278699537563,SLIGHT_DEGRADED
64,20260988,0.000158704406301879,0.000161549065332044,0.000158775951802297,89.6168795113826,0,2.7731135297465,1.71657664750131,-0.045080979215073,IMPROVED_OR_EQUAL
65,20260989,0.000157277306799042,0.00016171298924476,0.000157240323076007,100,0.999444752915047,4.47266616875229,2.76580514010702,0.0235149773275434,IMPROVED_OR_EQUAL
66,20260990,0.000157234228154147,0.000159944146715491,0.000157314132654616,100,0,2.63001406087502,1.64433279671891,-0.0508187698106122,IMPROVED_OR_EQUAL
67,20260991,0.000156600252489253,0.000166681078429818,0.00015642414598615,100,3.44253192670738,10.2569324436682,6.15362735848086,0.112456078648482,IMPROVED_OR_EQUAL
68,20260992,0.000157234228154147,0.000158959732807601,0.000157314132654616,100,0,1.64560015298505,1.03523082476291,-0.0508187698106122,IMPROVED_OR_EQUAL
69,20260993,0.000156547845527098,0.000155086270344719,0.000156634199648268,92.7817878956135,0,-1.54792930354871,-0.998108536692532,-0.055161488092792,SLIGHT_DEGRADED
70,20260994,0.000157277306799042,0.00016043664176504,0.000156807696096779,100,17.1016102165464,3.62894566826092,2.26191824282604,0.298587705893982,IMPROVED_OR_EQUAL
71,20260995,0.000156591180353381,0.00016774682980339,0.000156914958182027,100,4.55302609661299,10.8318716213629,6.45727351989812,-0.206766324843777,IMPROVED_OR_EQUAL
72,20260996,0.000157383241944928,0.000155751143829487,0.000157479921201214,100,0,-1.72877737172645,-1.10996126848293,-0.0614291935347122,SLIGHT_DEGRADED
73,20260997,0.000157277306799042,0.000163831424683177,0.0001573563090331,100,0,6.47511565007674,3.95230381631518,-0.0502311717218484,IMPROVED_OR_EQUAL
74,20260998,0.000156547845527098,0.000153782077970323,0.000156536841832105,94.2809550249861,0.666296501943365,-2.75476386178258,-1.79134259215445,0.00702896610011994,SLIGHT_DEGRADED
75,20260999,0.000156547845527098,0.000159700483654957,0.000155967977851069,100,18.7118267629095,3.73250580388735,2.3371912961464,0.370409234363001,IMPROVED_OR_EQUAL
76,20261000,0.000156494770523994,0.000156405025066955,0.000156581712001259,25.4858411993337,0,-0.176686934304069,-0.112967556015819,-0.0555555159920118,SLIGHT_DEGRADED
77,20261001,0.000156581712001259,0.000156821380076082,0.000156581712001259,100,0,0.239668074822211,0.152828698935015,0,IMPROVED_OR_EQUAL
78,20261002,0.000157274413423919,0.000155917858414583,0.000157218315275344,100,0.832870627429206,-1.30045686076138,-0.8340653687684,0.0356689606108795,SLIGHT_DEGRADED
79,20261003,0.000156559622099019,0.000156286728867542,0.000156651880768841,57.3014991671294,0,-0.365151901299238,-0.233642295763148,-0.0589287765168089,SLIGHT_DEGRADED
80,20261004,0.000156600252489253,0.000155506435043689,0.00015668599729871,63.7423653525819,0,-1.17956225502059,-0.758529545538877,-0.0547539407463882,SLIGHT_DEGRADED
81,20261005,0.000158704406301879,0.000163537113237455,0.000158775951802297,100,0,4.76116143515769,2.91136448534743,-0.045080979215073,IMPROVED_OR_EQUAL
82,20261006,0.000157277306799042,0.000159888033844885,0.000157360099243372,100,0,2.52793460151299,1.58106553737815,-0.0526410618384876,IMPROVED_OR_EQUAL
83,20261007,0.000156605824178569,0.000154306408894974,0.000156651880768841,100,0,-2.34547187386757,-1.52000937009944,-0.0294092448438699,SLIGHT_DEGRADED
84,20261008,0.000156547845527098,0.000156981549325492,0.000156634199648268,70.0166574125486,0,0.347349677224068,0.221267836071526,-0.055161488092792,IMPROVED_OR_EQUAL
85,20261009,0.000156605824178569,0.000158843482365371,0.000156162653464305,100,6.77401443642421,2.68082890106548,1.6877172806493,0.282984822938825,IMPROVED_OR_EQUAL
86,20261010,0.000158704406301879,0.000164058851668165,0.000157935945693051,100,37.2015546918379,6.12290597511392,3.73213996858789,0.48420874173204,IMPROVED_OR_EQUAL
87,20261011,0.000156559622099019,0.00015448549853638,0.000156651880768841,100,0,-2.16638223246129,-1.40232076990134,-0.0589287765168089,SLIGHT_DEGRADED
88,20261012,0.000158704406301879,0.000160291161397701,0.000159078013077216,82.5097168239867,4.38645197112715,1.21314832048479,0.756840433313,-0.23541046152562,IMPROVED_OR_EQUAL
89,20261013,0.000156538393371714,0.000157974238471783,0.000156250378086843,93.0594114380899,3.83120488617435,1.72386038493942,1.09122879883187,0.183990188392391,IMPROVED_OR_EQUAL
90,20261014,0.000157277306799042,0.000157322062735813,0.000157355962580105,33.5924486396446,0,-0.0338998442922912,-0.0215480548009461,-0.0500108901047014,SLIGHT_DEGRADED
91,20261015,0.000157383241944928,0.000158451108727282,0.000157483640738183,93.2259855635758,0,0.967467989099262,0.61057823884616,-0.0637925563193198,IMPROVED_OR_EQUAL
92,20261016,0.000156559622099019,0.000159661791886526,0.000155938191741505,100,37.2015546918379,3.72360014502056,2.3321798540674,0.396928881906078,IMPROVED_OR_EQUAL
93,20261017,0.000156600252489253,0.000156789481310571,0.00015668599729871,100,0,0.103484011860887,0.0660018841799115,-0.0547539407463882,IMPROVED_OR_EQUAL
94,20261018,0.000156538393371714,0.000154628506443658,0.000156646175890798,100,0.333148250971682,-2.0176694471398,-1.30484959956267,-0.0688537276777534,SLIGHT_DEGRADED
95,20261019,0.000156621246555926,0.000159648133765504,0.000157056469416633,100,3.77568017767907,2.59166434887163,1.62336025341727,-0.277882388422324,IMPROVED_OR_EQUAL
96,20261020,0.000156600252489253,0.000164647558172807,0.000156404835457912,100,3.33148250971682,8.24272271489454,5.0062830001058,0.124787175138297,IMPROVED_OR_EQUAL
97,20261021,0.000156621246555926,0.000158048072394354,0.000156713226877923,100,0,1.33484551643041,0.844581965605862,-0.0587278699537563,IMPROVED_OR_EQUAL
98,20261022,0.000156494770523994,0.000168571118956862,0.000156282214321329,100,3.83120488617435,12.2889046355338,7.29004156321614,0.135823198407181,IMPROVED_OR_EQUAL
99,20261023,0.000156621246555926,0.000160021492356044,0.000155875641336451,86.2298722931705,30.0388672959467,4.14585101959374,2.59080887107921,0.476056241328149,IMPROVED_OR_EQUAL
100,20261024,0.000156600252489253,0.000160533338719444,0.000156676346943147,93.1149361465852,0,3.8569917762971,2.4026110757204,-0.0485915269512693,IMPROVED_OR_EQUAL
