Case,Test_Item,Limit_Scenario,Imax_counts,Imax_Source,Param_Source,Disturbance_Type,Disturbance_Intensity,Random_Seed,Trial_Index,Delta_Kf_True,Delta_Kf_Hat_Mean,Delta_Kf_Hat_Median,Delta_Kf_AbsError_P95,Delta_Kf_RMSE,KfL_Hat,KfR_Hat,gamma_L,gamma_R,Calibration_Validity,invalid_calib_count,eta_kf_residual,eta_total_mean,eta_total_p05,RMS_T_res_base,RMS_T_res_comp,RMS_T_total_base,RMS_T_total_comp,RMS_dalpha_base_dyn,RMS_dalpha_comp_dyn,alpha_ss_base,alpha_ss_comp,base_total_sat,comp_total_sat,unproj_max_peak,proj_count,PE_active_ratio,PE_false_alarm_rate,SVF_atten_dB,Calibration_Status
r070 (Delta_Kf < 0),TestC0_Baseline_Ref,Nominal_Hardware_Limit,16000,param_init.ctrl.spd_max_out,Step3C_Replay,None,Nominal_Zero_Pert,Deterministic,Single,-0.0021875,-0.00218851436273453,-0.00218851436273453,1.01436273452571e-06,1.01436273452571e-06,0.0051036594852994,0.00729217384803393,1.21440638516719,0.849940881255555,VALID,0,99.9521972255768,99.9521972255768,99.9521972255768,1.00090955132265,0.00047846253499911,1.00090955132265,0.00047846253499911,0,0,0.000500454775661325,2.39231267499555e-07,0,0,0.00218870443323552,0,1,0,NaN,PASS
r070 (Delta_Kf < 0),TestC1_1_LeftGainDrift_-03pct,Nominal_Hardware_Limit,16000,param_init.ctrl.spd_max_out,Step3C_Replay,Gain_Drift_LeftOnly,dg_L=-0.03;dg_R=0.00,Deterministic,Single,-0.0021875,-0.00203268363641338,-0.00203268363641338,0.000154816363586619,0.000154816363586619,0.00518157484845998,0.00721425848487336,1.19614535115878,0.85912040435788,VALID,0,92.7356068614619,92.7356068614619,92.7356068614619,1.00090955132265,0.0727100047692553,1.00090955132265,0.0727100047692553,0,0,0.000500454775661325,3.63550023846276e-05,0,0,0.00203362328871684,0,1,0,NaN,PASS
r070 (Delta_Kf < 0),TestC1_1_LeftGainDrift_-01pct,Nominal_Hardware_Limit,16000,param_init.ctrl.spd_max_out,Step3C_Replay,Gain_Drift_LeftOnly,dg_L=-0.01;dg_R=0.00,Deterministic,Single,-0.0021875,-0.00213709254426603,-0.00213709254426603,5.04074557339707e-05,5.04074557339707e-05,0.00512937039453365,0.00726646293879968,1.20831918733569,0.852948225136132,VALID,0,97.6279791403431,97.6279791403431,97.6279791403431,1.00090955132265,0.0237417833436713,1.00090955132265,0.0237417833436713,0,0,0.000500454775661325,1.18708916718357e-05,0,0,0.00213740141573619,0,1,0,NaN,PASS
r070 (Delta_Kf < 0),TestC1_1_LeftGainDrift_+01pct,Nominal_Hardware_Limit,16000,param_init.ctrl.spd_max_out,Step3C_Replay,Gain_Drift_LeftOnly,dg_L=+0.01;dg_R=0.00,Deterministic,Single,-0.0021875,-0.00223942477072079,-0.00223942477072079,5.19247707207889e-05,5.19247707207889e-05,0.00507820428130627,0.00731762905202706,1.22049376577509,0.846984265340668,VALID,0,97.5493551971087,97.5493551971087,97.5493551971087,1.00090955132265,0.024528737901131,1.00090955132265,0.024528737901131,0,0,0.000500454775661325,1.22643689505655e-05,0,0,0.00224162764761438,0,1,0,NaN,PASS
r070 (Delta_Kf < 0),TestC1_1_LeftGainDrift_+03pct,Nominal_Hardware_Limit,16000,param_init.ctrl.spd_max_out,Step3C_Replay,Gain_Drift_LeftOnly,dg_L=+0.03;dg_R=0.00,Deterministic,Single,-0.0021875,-0.00233974148315766,-0.00233974148315766,0.000152241483157664,0.000152241483157664,0.00502804592508783,0.0073677874082455,1.2326690644852,0.841218173549688,VALID,0,92.7929243101389,92.7929243101389,92.7929243101389,1.00090955132265,0.0721363089508724,1.00090955132265,0.0721363089508724,0,0,0.000500454775661325,3.60681544754362e-05,0,0,0.00234629872480394,0,1,0,NaN,PASS
r070 (Delta_Kf < 0),TestC1_1_MultiAxis_L+2pct_R0,Nominal_Hardware_Limit,16000,param_init.ctrl.spd_max_out,Step3C_Replay,Single_Axis_L,dg_L=+0.02;dg_R=0.00,Deterministic,Single,-0.0021875,-0.00228983133724489,-0.00228983133724489,0.000102331337244887,0.000102331337244887,0.00505300099804422,0.00734283233528911,1.22658132643662,0.844077105898215,VALID,0,95.1630683275328,95.1630683275328,95.1630683275328,1.00090955132265,0.0484133111006745,1.00090955132265,0.0484133111006745,0,0,0.000500454775661325,2.42066555503373e-05,0,0,0.00229416531106003,0,1,0,NaN,PASS
r070 (Delta_Kf < 0),TestC1_1_MultiAxis_L-2pct_R0,Nominal_Hardware_Limit,16000,param_init.ctrl.spd_max_out,Step3C_Replay,Single_Axis_L,dg_L=-0.02;dg_R=0.00,Deterministic,Single,-0.0021875,-0.00208515159436612,-0.00208515159436612,0.000102348405633877,0.000102348405633877,0.0051553408694836,0.00724049246384973,1.20223217505451,0.856007612411942,VALID,0,95.1907327004127,95.1907327004127,95.1907327004127,1.00090955132265,0.0481364157502058,1.00090955132265,0.0481364157502058,0,0,0.000500454775661325,2.40682078751029e-05,0,0,0.00208577162768337,0,1,0,NaN,PASS
r070 (Delta_Kf < 0),TestC1_1_MultiAxis_L0_R+2pct,Nominal_Hardware_Limit,16000,param_init.ctrl.spd_max_out,Step3C_Replay,Single_Axis_R,dg_L=0.00;dg_R=+0.02,Deterministic,Single,-0.0021875,-0.00204447629170557,-0.00204447629170557,0.000143023708294431,0.000143023708294431,0.00517567852081388,0.00722015481251945,1.19750804493399,0.858418805081538,VALID,0,93.2868346588135,93.2868346588135,93.2868346588135,1.00090955132265,0.0671927130960174,1.00090955132265,0.0671927130960174,0,0,0.000500454775661325,3.35963565480087e-05,0,0,0.00205079817517361,0,1,0,NaN,PASS
r070 (Delta_Kf < 0),TestC1_1_MultiAxis_L0_R-2pct,Nominal_Hardware_Limit,16000,param_init.ctrl.spd_max_out,Step3C_Replay,Single_Axis_R,dg_L=0.00;dg_R=-0.02,Deterministic,Single,-0.0021875,-0.00233544590612485,-0.00233544590612485,0.000147945906124847,0.000147945906124847,0.00503019371360424,0.00736563961972909,1.23214274032912,0.841463469114801,VALID,0,92.9972084683593,92.9972084683593,92.9972084683593,1.00090955132265,0.0700916092994059,1.00090955132265,0.0700916092994059,0,0,0.000500454775661325,3.50458046497029e-05,0,0,0.00233633210914682,0,1,0,NaN,PASS
r070 (Delta_Kf < 0),TestC1_1_MultiAxis_Common_Plus2pct,Nominal_Hardware_Limit,16000,param_init.ctrl.spd_max_out,Step3C_Replay,Common_Mode,dg_L=+0.02;dg_R=+0.02,Deterministic,Single,-0.0021875,-0.0021462194209796,-0.0021462194209796,4.12805790204035e-05,4.12805790204035e-05,0.00512480695617687,0.00727102637715646,1.20939514788872,0.852412898148574,VALID,0,98.0569623778723,98.0569623778723,98.0569623778723,1.00090955132265,0.0194480491456692,1.00090955132265,0.0194480491456692,0,0,0.000500454775661325,9.72402457283459e-06,0,0,0.00215713538262113,0,1,0,NaN,PASS
r070 (Delta_Kf < 0),TestC1_1_MultiAxis_Common_Minus2pct,Nominal_Hardware_Limit,16000,param_init.ctrl.spd_max_out,Step3C_Replay,Common_Mode,dg_L=-0.02;dg_R=-0.02,Deterministic,Single,-0.0021875,-0.00223253551430338,-0.00223253551430338,4.50355143033774e-05,4.50355143033774e-05,0.00508164890951498,0.00731418442381836,1.21966644627132,0.847383154092122,VALID,0,97.874933377615,97.874933377615,97.874933377615,1.00090955132265,0.0212699947954214,1.00090955132265,0.0212699947954214,0,0,0.000500454775661325,1.06349973977107e-05,0,0,0.00223404540107829,0,1,0,NaN,PASS
r070 (Delta_Kf < 0),TestC1_1_MultiAxis_Diff_L+2pct_R-2pct,Nominal_Hardware_Limit,16000,param_init.ctrl.spd_max_out,Step3C_Replay,Differential_Mode,dg_L=+0.02;dg_R=-0.02,Deterministic,Single,-0.0021875,-0.00243629904807909,-0.00243629904807909,0.000248799048079094,0.000248799048079094,0.00497976714262712,0.00741606619070621,1.24461977621646,0.835741821510961,VALID,0,88.1857673302557,88.1857673302557,88.1857673302557,1.00090955132265,0.118249783206951,1.00090955132265,0.118249783206951,0,0,0.000500454775661325,5.91248916034756e-05,0,0,0.00243659103412806,0,1,0,NaN,DEGRADED
r070 (Delta_Kf < 0),TestC1_1_MultiAxis_Diff_L-2pct_R+2pct,Nominal_Hardware_Limit,16000,param_init.ctrl.spd_max_out,Step3C_Replay,Differential_Mode,dg_L=-0.02;dg_R=+0.02,Deterministic,Single,-0.0021875,-0.00194069935306457,-0.00194069935306457,0.000246800646935433,0.000246800646935433,0.00522756699013438,0.00716826634319895,1.18562166269003,0.864632586168771,VALID,0,88.4471083991216,88.4471083991216,88.4471083991216,1.00090955132265,0.115633995487144,1.00090955132265,0.115633995487144,0,0,0.000500454775661325,5.7816997743572e-05,0,0,0.00194245071573431,0,1,0,NaN,DEGRADED
r070 (Delta_Kf < 0),TestC1_2_BiasDrift_-30ct,Nominal_Hardware_Limit,16000,param_init.ctrl.spd_max_out,Step3C_Replay,Bias_Drift,i_bias_L=-30.0ct;i_bias_R=0.0ct,Deterministic,Single,-0.0021875,-0.00218566290231739,-0.00218566290231739,1.83709768260959e-06,1.83709768260959e-06,0.00510508521550797,0.00729074811782536,1.21406723003153,0.850107090041034,VALID,0,99.9134322032894,99.9134322032894,99.9134322032894,1.00090955132265,0.000866465345645731,1.00090955132265,0.000866465345645731,0,0,0.000500454775661325,4.33232672822866e-07,0,0,0.00223552470430325,0,1,0,NaN,PASS
r070 (Delta_Kf < 0),TestC1_2_BiasDrift_-15ct,Nominal_Hardware_Limit,16000,param_init.ctrl.spd_max_out,Step3C_Replay,Bias_Drift,i_bias_L=-15.0ct;i_bias_R=0.0ct,Deterministic,Single,-0.0021875,-0.00218685514237417,-0.00218685514237417,6.44857625828592e-07,6.44857625828592e-07,0.00510448909547958,0.00729134423785375,1.21420901303431,0.850037587649415,VALID,0,99.9696119469055,99.9696119469055,99.9696119469055,1.00090955132265,0.000304156925883937,1.00090955132265,0.000304156925883937,0,0,0.000500454775661325,1.52078462941968e-07,0,0,0.00221205302611742,0,1,0,NaN,PASS
r070 (Delta_Kf < 0),TestC1_2_BiasDrift_+15ct,Nominal_Hardware_Limit,16000,param_init.ctrl.spd_max_out,Step3C_Replay,Bias_Drift,i_bias_L=+15.0ct;i_bias_R=0.0ct,Deterministic,Single,-0.0021875,-0.00219063984818937,-0.00219063984818937,3.13984818936779e-06,3.13984818936779e-06,0.00510259674257198,0.00729323659076135,1.21465931551208,0.849817031099447,VALID,0,99.8520226948877,99.8520226948877,99.8520226948877,1.00090955132265,0.00148111898065921,1.00090955132265,0.00148111898065921,0,0,0.000500454775661325,7.40559490329606e-07,0,0,0.00219289341304901,0,1,0,NaN,PASS
r070 (Delta_Kf < 0),TestC1_2_BiasDrift_+30ct,Nominal_Hardware_Limit,16000,param_init.ctrl.spd_max_out,Step3C_Replay,Bias_Drift,i_bias_L=+30.0ct;i_bias_R=0.0ct,Deterministic,Single,-0.0021875,-0.00219323075650385,-0.00219323075650385,5.73075650384548e-06,5.73075650384548e-06,0.00510130128841474,0.00729453204491859,1.21496777317238,0.849666109971258,VALID,0,99.7298960485096,99.7298960485096,99.7298960485096,1.00090955132265,0.00270349624896728,1.00090955132265,0.00270349624896728,0,0,0.000500454775661325,1.35174812448364e-06,0,0,0.00219795793690765,0,1,0,NaN,PASS
r070 (Delta_Kf < 0),TestC1_3_CurrentNoise_10ct,Nominal_Hardware_Limit,16000,param_init.ctrl.spd_max_out,Step3C_Replay,Current_Noise,sigma_i_L=10ct;sigma_i_R=10ct,20260925-20260954,Summary_N30,-0.0021875,-0.00218867737763197,-0.00218888985068843,3.11730423164245e-06,1.83363640581841e-06,0.00510357797785068,0.00729225535548265,1.2144257800244,0.849931381243635,VALID,0,99.9292628563325,99.9292628563325,99.853085260417,1.00090955132265,0.000708014827301507,1.00090955132265,0.000708014827301507,0,0,0.000500454775661325,3.54007413650754e-07,0,0,0.00219492714928584,0,1,0,NaN,PASS
r070 (Delta_Kf < 0),TestC1_4_CombinedCurrent,Nominal_Hardware_Limit,16000,param_init.ctrl.spd_max_out,Step3C_Replay,Combined_Current,dg_L=+0.02;bias_L=+20ct;sig_i=10ct,20260925-20260954,Summary_N30,-0.0021875,-0.00229287290567485,-0.00229308724327427,0.000107287278902679,0.000105382149872125,0.00505148021382924,0.00734435311950409,1.22695059750979,0.843902324114443,VALID,0,95.0188390682321,95.0188390682321,94.9280513998267,1.00090955132265,0.0498569155328172,1.00090955132265,0.0498569155328172,0,0,0.000500454775661325,2.49284577664086e-05,0,0,0.00230245972775102,0,1,0,NaN,PASS
r070 (Delta_Kf < 0),TestC2_1_Delay_ActSym_1ms,Nominal_Hardware_Limit,16000,param_init.ctrl.spd_max_out,Step3C_Replay,Actuator_Delay,d_act_L=1ms;d_act_R=1ms,Deterministic,Single,-0.0021875,-0.00218851095821517,-0.00218851095821517,1.01095821517395e-06,1.01095821517395e-06,0.00510366118755908,0.00729217214577425,1.21440598011776,0.849941079662841,VALID,0,99.952357686374,99.6970802822509,99.6970802822509,1.00118318490951,0.000476986832925255,1.00090235467251,0.00303193058771797,4.62854394830124e-06,0.000502765244419665,0.000500591592454754,2.38493416462627e-07,0,0,0.00218870092740501,0,1,0,NaN,PASS
r070 (Delta_Kf < 0),TestC2_2_Delay_ActSym_2ms,Nominal_Hardware_Limit,16000,param_init.ctrl.spd_max_out,Step3C_Replay,Actuator_Delay,d_act_L=2ms;d_act_R=2ms,Deterministic,Single,-0.0021875,-0.00218850757695071,-0.00218850757695071,1.00757695070891e-06,1.00757695070891e-06,0.00510366287819131,0.00729217045514202,1.21440557783533,0.84994127671498,VALID,0,99.9525170531121,99.4044371705899,99.4044371705899,1.00145612290515,0.00047552087894488,1.00090726257738,0.00596103161277709,9.25905117984635e-06,0.000502521293400488,0.000500728061452577,2.3776043947244e-07,0,0,0.00218869745387961,0,1,0,NaN,PASS
r070 (Delta_Kf < 0),TestC2_3_Delay_ActSym_3ms,Nominal_Hardware_Limit,16000,param_init.ctrl.spd_max_out,Step3C_Replay,Actuator_Delay,d_act_L=3ms;d_act_R=3ms,Deterministic,Single,-0.0021875,-0.0021885042235268,-0.0021885042235268,1.0042235267984e-06,1.0042235267984e-06,0.00510366455490327,0.00729216877843007,1.21440517886547,0.849941472144727,VALID,0,99.9526751097462,99.1105810174449,99.1105810174449,1.0017282816692,0.00047406680994095,1.00092430617761,0.00890241078015136,1.38911404065217e-05,0.000502283467392073,0.000500864140834601,2.37033404970475e-07,0,0,0.00218869402174063,0,1,0,NaN,PASS
r070 (Delta_Kf < 0),TestC2_4_Delay_ActAsym_1_2ms,Nominal_Hardware_Limit,16000,param_init.ctrl.spd_max_out,Step3C_Replay,Asym_Actuator_Delay,d_act_L=1ms;d_act_R=2ms,Deterministic,Single,-0.0021875,-0.00218848847025126,-0.00218848847025126,9.88470251256715e-07,9.88470251256715e-07,0.00510367243154104,0.0072921609017923,1.21440330464062,0.849942390210194,VALID,0,99.9534223443039,97.6781227034121,97.6781227034121,1.00088783232796,0.000466190088446099,1.00376597394692,0.0233062142599476,1.73710743456264e-05,0.00050063397138326,0.000500443916163978,2.33095044223049e-07,0,0,0.00218852238135202,0,1,0,NaN,PASS
r070 (Delta_Kf < 0),TestC2_5_Delay_ActAsym_2_1ms,Nominal_Hardware_Limit,16000,param_init.ctrl.spd_max_out,Step3C_Replay,Asym_Actuator_Delay,d_act_L=2ms;d_act_R=1ms,Deterministic,Single,-0.0021875,-0.00218905740790616,-0.00218905740790616,1.55740790616253e-06,1.55740790616253e-06,0.00510338796271359,0.00729244537061975,1.2144709969044,0.849909235060877,VALID,0,99.9265982495537,97.7986285372645,97.7986285372645,1.00093849436872,0.000734706375757287,0.997710027773317,0.0219633038322521,5.74706608030282e-06,0.000504614202558055,0.000500469247184359,3.67353187878644e-07,0,0,0.00218922444245984,0,1,0,NaN,PASS
r070 (Delta_Kf < 0),TestC2_6_Delay_MeasSym_2ms,Nominal_Hardware_Limit,16000,param_init.ctrl.spd_max_out,Step3C_Replay,Meas_Delay,d_meas_L=2ms;d_meas_R=2ms,Deterministic,Single,-0.0021875,-0.0021882218033978,-0.0021882218033978,7.2180339779921e-07,7.2180339779921e-07,0.00510380576496777,0.00729202756836557,1.21437157918681,0.849957931255582,VALID,0,99.9659858667998,99.9659858667998,99.9659858667998,0.999312172202087,0.000339907373339016,0.999312172202087,0.000339907373339016,0,0,0.000499656086101044,1.69953686669508e-07,0,0,0.00220210426760262,0,1,0,NaN,PASS
r070 (Delta_Kf < 0),TestC2_7_Delay_MeasAsym_1_2ms,Nominal_Hardware_Limit,16000,param_init.ctrl.spd_max_out,Step3C_Replay,Asym_Meas_Delay,d_meas_L=1ms;d_meas_R=2ms,Deterministic,Single,-0.0021875,-0.00218805133818549,-0.00218805133818549,5.51338185492307e-07,5.51338185492307e-07,0.00510389099757392,0.00729194233575941,1.21435129974617,0.849967866074902,VALID,0,99.9740189664145,99.9740189664145,99.9740189664145,0.999312172202087,0.000259631631083326,0.999312172202087,0.000259631631083326,0,0,0.000499656086101044,1.29815815541663e-07,0,0,0.00222938908005729,0,1,0,NaN,PASS
r070 (Delta_Kf < 0),TestC3_1_PosNoise_1um,Nominal_Hardware_Limit,16000,param_init.ctrl.spd_max_out,Step3C_Replay,Position_Noise,sigma_y=1.0um;quant=1.0um,20260925-20260954,Summary_N30,-0.0021875,-0.00218935123692967,-0.00218925221244876,3.27228793025464e-06,2.02785821392943e-06,0.00510324104820183,0.0072925922851315,1.21450595966862,0.849892113028626,VALID,0,99.9127557221413,99.9127557221413,99.8457803777456,1.00090955132265,0.000873236310069805,1.00090955132265,0.000873236310069805,0,0,0.000500454775661325,4.36618155034903e-07,0,0,0.00219275231935267,0,1,0,16.83180847375,PASS
r070 (Delta_Kf < 0),TestC3_2_PosNoise_2um,Nominal_Hardware_Limit,16000,param_init.ctrl.spd_max_out,Step3C_Replay,Position_Noise,sigma_y=2.0um;quant=1.0um,20260925-20260954,Summary_N30,-0.0021875,-0.00219162099044704,-0.00219111461545889,9.46346679899087e-06,5.17171948645961e-06,0.00510210617144315,0.00729372716189019,1.21477610586719,0.849759872983851,VALID,0,99.7942856830748,99.7942856830748,99.5539164921299,1.00090955132265,0.00205901424654241,1.00090955132265,0.00205901424654241,0,0,0.000500454775661325,1.02950712327121e-06,0,0,0.00220848371947146,0,1,0,16.8318084764357,PASS
r070 (Delta_Kf < 0),TestC3_3_PosNoise_5um,Nominal_Hardware_Limit,16000,param_init.ctrl.spd_max_out,Step3C_Replay,Position_Noise,sigma_y=5.0um;quant=1.0um,20260925-20260954,Summary_N30,-0.0021875,-0.00220152208921688,-0.00220191802928906,3.93939203088261e-05,2.06694254896285e-05,0.00509715562205823,0.00729867771127511,1.21595594214248,0.849183497593274,VALID,0,99.1690689129466,99.1690689129466,98.1414489710616,1.00090955132265,0.00831686861522685,1.00090955132265,0.00831686861522685,0,0,0.000500454775661325,4.15843430761342e-06,0,0,0.00230326121565043,0,1,0,16.8318084774895,PASS
r130 (Delta_Kf > 0),TestC0_Baseline_Ref,Nominal_Hardware_Limit,16000,param_init.ctrl.spd_max_out,Step3C_Replay,None,Nominal_Zero_Pert,Deterministic,Single,0.00161684782608696,0.00161791078003101,0.00161791078003101,1.062953944049e-06,1.062953944049e-06,0.00700687205668217,0.00538896127665116,0.88454828581549,1.15011341675816,VALID,0,99.9330521232604,99.9330521232604,99.9330521232604,0.739802711847176,0.00049528220764374,0.739802711847176,0.00049528220764374,0,0,0.000369901355923588,2.4764110382187e-07,0,0,0.00161888174667834,0,1,0,NaN,PASS
r130 (Delta_Kf > 0),TestC1_1_LeftGainDrift_-03pct,Nominal_Hardware_Limit,16000,param_init.ctrl.spd_max_out,Step3C_Replay,Gain_Drift_LeftOnly,dg_L=-0.03;dg_R=0.00,Deterministic,Single,0.00161684782608696,0.00183146179697066,0.00183146179697066,0.000214613970883707,0.000214613970883707,0.007113647565152,0.00528218576818133,0.871271258507201,1.1733621153579,VALID,0,86.414928726292,86.414928726292,86.414928726292,0.739802711847176,0.100502725689264,0.739802711847176,0.100502725689264,0,0,0.000369901355923588,5.02513628446318e-05,0,0,0.00184175847632706,0,1,0,NaN,DEGRADED
r130 (Delta_Kf > 0),TestC1_1_LeftGainDrift_-01pct,Nominal_Hardware_Limit,16000,param_init.ctrl.spd_max_out,Step3C_Replay,Gain_Drift_LeftOnly,dg_L=-0.01;dg_R=0.00,Deterministic,Single,0.00161684782608696,0.00168850776363809,0.00168850776363809,7.16599375511356e-05,7.16599375511356e-05,0.00704217054848571,0.00535366278484762,0.880114536277372,1.1576964997139,VALID,0,95.479466137438,95.479466137438,95.479466137438,0.739802711847176,0.0334430321052039,0.739802711847176,0.0334430321052039,0,0,0.000369901355923588,1.67215160526019e-05,0,0,0.00169263567690479,0,1,0,NaN,PASS
r130 (Delta_Kf > 0),TestC1_1_LeftGainDrift_+01pct,Nominal_Hardware_Limit,16000,param_init.ctrl.spd_max_out,Step3C_Replay,Gain_Drift_LeftOnly,dg_L=+0.01;dg_R=0.00,Deterministic,Single,0.00161684782608696,0.00154801590549653,0.00154801590549653,6.88319205904234e-05,6.88319205904234e-05,0.00697192461941493,0.0054239087139184,0.88898216848288,1.14270298295435,VALID,0,95.671300529782,95.671300529782,95.671300529782,0.739802711847176,0.0320238360683868,0.739802711847176,0.0320238360683868,0,0,0.000369901355923588,1.60119180341934e-05,0,0,0.00154857536054248,0,1,0,NaN,PASS
r130 (Delta_Kf > 0),TestC1_1_LeftGainDrift_+03pct,Nominal_Hardware_Limit,16000,param_init.ctrl.spd_max_out,Step3C_Replay,Gain_Drift_LeftOnly,dg_L=+0.03;dg_R=0.00,Deterministic,Single,0.00161684782608696,0.00141029112170255,0.00141029112170255,0.000206556704384402,0.000206556704384402,0.00690306222751794,0.00549277110581539,0.897850325317896,1.12837701540206,VALID,0,87.0460781124112,87.0460781124112,87.0460781124112,0.739802711847176,0.0958334654149472,0.739802711847176,0.0958334654149472,0,0,0.000369901355923588,4.79167327074736e-05,0,0,0.00141163322136688,0,1,0,NaN,DEGRADED
r130 (Delta_Kf > 0),TestC1_1_MultiAxis_L+2pct_R0,Nominal_Hardware_Limit,16000,param_init.ctrl.spd_max_out,Step3C_Replay,Single_Axis_L,dg_L=+0.02;dg_R=0.00,Deterministic,Single,0.00161684782608696,0.00147881274868443,0.00147881274868443,0.00013803507740253,0.00013803507740253,0.00693732304100888,0.00545851029232445,0.893416182298081,1.1354593716498,VALID,0,91.3316341271966,91.3316341271966,91.3316341271966,0.739802711847176,0.0641288057998346,0.739802711847176,0.0641288057998346,0,0,0.000369901355923588,3.20644028999173e-05,0,0,0.00147976205702373,0,1,0,NaN,PASS
r130 (Delta_Kf > 0),TestC1_1_MultiAxis_L-2pct_R0,Nominal_Hardware_Limit,16000,param_init.ctrl.spd_max_out,Step3C_Replay,Single_Axis_L,dg_L=-0.02;dg_R=0.00,Deterministic,Single,0.00161684782608696,0.00175981745617196,0.00175981745617196,0.000142969630085005,0.000142969630085005,0.00707782539475265,0.00531800793858069,0.875680921891867,1.16545833294127,VALID,0,90.9658915514757,90.9658915514757,90.9658915514757,0.739802711847176,0.0668345792933978,0.739802711847176,0.0668345792933978,0,0,0.000369901355923588,3.34172896466989e-05,0,0,0.00176724219895528,0,1,0,NaN,PASS
r130 (Delta_Kf > 0),TestC1_1_MultiAxis_L0_R+2pct,Nominal_Hardware_Limit,16000,param_init.ctrl.spd_max_out,Step3C_Replay,Single_Axis_R,dg_L=0.00;dg_R=+0.02,Deterministic,Single,0.00161684782608696,0.00172435614628345,0.00172435614628345,0.000107508320196492,0.000107508320196492,0.00706009473980839,0.00533573859352494,0.877880098650755,1.16158551586241,VALID,0,93.212378097467,93.212378097467,93.212378097467,0.739802711847176,0.0502150109048721,0.739802711847176,0.0502150109048721,0,0,0.000369901355923588,2.51075054524361e-05,0,0,0.00172511986867975,0,1,0,NaN,PASS
r130 (Delta_Kf > 0),TestC1_1_MultiAxis_L0_R-2pct,Nominal_Hardware_Limit,16000,param_init.ctrl.spd_max_out,Step3C_Replay,Single_Axis_R,dg_L=0.00;dg_R=-0.02,Deterministic,Single,0.00161684782608696,0.00150932710581652,0.00150932710581652,0.000107520720270441,0.000107520720270441,0.00695258021957492,0.00544325311375841,0.891455613732653,1.13864201005108,VALID,0,93.2436875643899,93.2436875643899,93.2436875643899,0.739802711847176,0.0499833826195116,0.739802711847176,0.0499833826195116,0,0,0.000369901355923588,2.49916913097558e-05,0,0,0.00151523791044404,0,1,0,NaN,PASS
r130 (Delta_Kf > 0),TestC1_1_MultiAxis_Common_Plus2pct,Nominal_Hardware_Limit,16000,param_init.ctrl.spd_max_out,Step3C_Replay,Common_Mode,dg_L=+0.02;dg_R=+0.02,Deterministic,Single,0.00161684782608696,0.00158557305410374,0.00158557305410374,3.12747719832143e-05,3.12747719832143e-05,0.00699070319371854,0.0054051301396148,0.886594165839536,1.14667297670438,VALID,0,98.0316154649951,98.0316154649951,98.0316154649951,0.739802711847176,0.0145621621695467,0.739802711847176,0.0145621621695467,0,0,0.000369901355923588,7.28108108477334e-06,0,0,0.00158714529238493,0,1,0,NaN,PASS
r130 (Delta_Kf > 0),TestC1_1_MultiAxis_Common_Minus2pct,Nominal_Hardware_Limit,16000,param_init.ctrl.spd_max_out,Step3C_Replay,Common_Mode,dg_L=-0.02;dg_R=-0.02,Deterministic,Single,0.00161684782608696,0.00165156832669269,0.00165156832669269,3.47205006057333e-05,3.47205006057333e-05,0.00702370083001301,0.00537213250332032,0.882428909867903,1.15371626869515,VALID,0,97.8115630619127,97.8115630619127,97.8115630619127,0.739802711847176,0.0161901158150355,0.739802711847176,0.0161901158150355,0,0,0.000369901355923588,8.09505790751775e-06,0,0,0.00166403830373526,0,1,0,NaN,PASS
r130 (Delta_Kf > 0),TestC1_1_MultiAxis_Diff_L+2pct_R-2pct,Nominal_Hardware_Limit,16000,param_init.ctrl.spd_max_out,Step3C_Replay,Differential_Mode,dg_L=+0.02;dg_R=-0.02,Deterministic,Single,0.00161684782608696,0.00136992941716429,0.00136992941716429,0.000246918408922664,0.000246918408922664,0.00688288137524881,0.00551295195808452,0.900482854310796,1.12424644977682,VALID,0,84.5266861371996,84.5266861371996,84.5266861371996,0.739802711847176,0.114471995569623,0.739802711847176,0.114471995569623,0,0,0.000369901355923588,5.72359977848113e-05,0,0,0.0013702627076766,0,1,0,NaN,DEGRADED
r130 (Delta_Kf > 0),TestC1_1_MultiAxis_Diff_L-2pct_R+2pct,Nominal_Hardware_Limit,16000,param_init.ctrl.spd_max_out,Step3C_Replay,Differential_Mode,dg_L=-0.02;dg_R=+0.02,Deterministic,Single,0.00161684782608696,0.0018465,0.0018465,0.000229652173913043,0.000229652173913043,0.00712116666666667,0.00527466666666667,0.870351300114682,1.17503475733064,VALID,0,85.4575204906236,85.4575204906236,85.4575204906236,0.739802711847176,0.107585657780187,0.739802711847176,0.107585657780187,0,0,0.000369901355923588,5.37928288900935e-05,0,0,0.00184668913658317,1606,1,0,NaN,DEGRADED
r130 (Delta_Kf > 0),TestC1_2_BiasDrift_-30ct,Nominal_Hardware_Limit,16000,param_init.ctrl.spd_max_out,Step3C_Replay,Bias_Drift,i_bias_L=-30.0ct;i_bias_R=0.0ct,Deterministic,Single,0.00161684782608696,0.00162182124716499,0.00162182124716499,4.97342107803715e-06,4.97342107803715e-06,0.00700882729024916,0.00538700604308417,0.884301525775838,1.15053085463372,VALID,0,99.6867326849629,99.6867326849629,99.6867326849629,0.739802711847176,0.00231756009197548,0.739802711847176,0.00231756009197548,0,0,0.000369901355923588,1.15878004598774e-06,0,0,0.00162931206284922,0,1,0,NaN,PASS
r130 (Delta_Kf > 0),TestC1_2_BiasDrift_-15ct,Nominal_Hardware_Limit,16000,param_init.ctrl.spd_max_out,Step3C_Replay,Bias_Drift,i_bias_L=-15.0ct;i_bias_R=0.0ct,Deterministic,Single,0.00161684782608696,0.00162018657553708,0.00162018657553708,3.33874945012184e-06,3.33874945012184e-06,0.00700800995443521,0.00538782337889813,0.884404660804477,1.15035631846087,VALID,0,99.7897054589364,99.7897054589364,99.7897054589364,0.739802711847176,0.00155576471765542,0.739802711847176,0.00155576471765542,0,0,0.000369901355923588,7.77882358827711e-07,0,0,0.00162437792875171,0,1,0,NaN,PASS
r130 (Delta_Kf > 0),TestC1_2_BiasDrift_+15ct,Nominal_Hardware_Limit,16000,param_init.ctrl.spd_max_out,Step3C_Replay,Bias_Drift,i_bias_L=+15.0ct;i_bias_R=0.0ct,Deterministic,Single,0.00161684782608696,0.00161499484228416,0.00161499484228416,1.85298380279367e-06,1.85298380279367e-06,0.00700541408780875,0.00539041924552459,0.884732378269068,1.14980234084993,VALID,0,99.883301282246,99.883301282246,99.883301282246,0.739802711847176,0.000863340278635265,0.739802711847176,0.000863340278635265,0,0,0.000369901355923588,4.31670139317632e-07,0,0,0.00165064145860614,0,1,0,NaN,PASS
r130 (Delta_Kf > 0),TestC1_2_BiasDrift_+30ct,Nominal_Hardware_Limit,16000,param_init.ctrl.spd_max_out,Step3C_Replay,Bias_Drift,i_bias_L=+30.0ct;i_bias_R=0.0ct,Deterministic,Single,0.00161684782608696,0.0016114399183038,0.0016114399183038,5.40790778315444e-06,5.40790778315444e-06,0.00700363662581857,0.00539219670751477,0.884956915642703,1.1494233246404,VALID,0,99.6594430135486,99.6594430135486,99.6594430135486,0.739802711847176,0.00251944982115213,0.739802711847176,0.00251944982115213,0,0,0.000369901355923588,1.25972491057606e-06,0,0,0.0016823675315041,0,1,0,NaN,PASS
r130 (Delta_Kf > 0),TestC1_3_CurrentNoise_10ct,Nominal_Hardware_Limit,16000,param_init.ctrl.spd_max_out,Step3C_Replay,Current_Noise,sigma_i_L=10ct;sigma_i_R=10ct,20260925-20260954,Summary_N30,0.00161684782608696,0.00161778057541093,0.00161780247826029,2.74735003802915e-06,1.61724916525563e-06,0.00700680695437213,0.0053890263789612,0.884556504414506,1.15009952277528,VALID,0,99.9160919294621,99.9160919294621,99.8269576137823,0.739802711847176,0.000620754181298256,0.739802711847176,0.000620754181298256,0,0,0.000369901355923588,3.10377090649128e-07,0,0,0.00162586921416932,0,1,0,NaN,PASS
r130 (Delta_Kf > 0),TestC1_4_CombinedCurrent,Nominal_Hardware_Limit,16000,param_init.ctrl.spd_max_out,Step3C_Replay,Combined_Current,dg_L=+0.02;bias_L=+20ct;sig_i=10ct,20260925-20260954,Summary_N30,0.00161684782608696,0.00147473302005853,0.00147473854594458,0.000144228472183778,0.00014212084794256,0.00693528317669593,0.0054605501566374,0.893678961443567,1.13503520503936,VALID,0,91.0761688628305,91.0761688628305,90.9438274770765,0.739802711847176,0.066018744753443,0.739802711847176,0.066018744753443,0,0,0.000369901355923588,3.30093723767215e-05,0,0,0.00152284552217316,0,1,0,NaN,PASS
r130 (Delta_Kf > 0),TestC2_1_Delay_ActSym_1ms,Nominal_Hardware_Limit,16000,param_init.ctrl.spd_max_out,Step3C_Replay,Actuator_Delay,d_act_L=1ms;d_act_R=1ms,Deterministic,Single,0.00161684782608696,0.00161790513321556,0.00161790513321556,1.05730712860515e-06,1.05730712860515e-06,0.00700686923327445,0.00538896410005889,0.884548642242929,1.15011281418611,VALID,0,99.9334077690741,99.6026123079445,99.6026123079445,0.740004962759202,0.000492785813664057,0.740295909179131,0.0029418448278685,2.88886233303138e-06,0.000371403007462381,0.000370002481379601,2.46392906832028e-07,0,0,0.00161887677006349,0,1,0,NaN,PASS
r130 (Delta_Kf > 0),TestC2_2_Delay_ActSym_2ms,Nominal_Hardware_Limit,16000,param_init.ctrl.spd_max_out,Step3C_Replay,Actuator_Delay,d_act_L=2ms;d_act_R=2ms,Deterministic,Single,0.00161684782608696,0.00161789939852399,0.00161789939852399,1.05157243703241e-06,1.05157243703241e-06,0.00700686636592866,0.00538896696740467,0.884549004217411,1.15011220223745,VALID,0,99.9337689477311,99.2076449873787,99.2076449873787,0.740206699538592,0.000490246686069272,0.740796015724838,0.00586973436389452,5.77830074469247e-06,0.00037098813055785,0.000370103349769296,2.45123343034636e-07,0,0,0.00161887162184739,0,1,0,NaN,PASS
r130 (Delta_Kf > 0),TestC2_3_Delay_ActSym_3ms,Nominal_Hardware_Limit,16000,param_init.ctrl.spd_max_out,Step3C_Replay,Actuator_Delay,d_act_L=3ms;d_act_R=3ms,Deterministic,Single,0.00161684782608696,0.001617893578887,0.001617893578887,1.04575280004157e-06,1.04575280004157e-06,0.00700686345611017,0.00538896987722317,0.884549371553962,1.15011158122493,VALID,0,99.9341354745908,98.8113415833061,98.8113415833061,0.740407860364193,0.000487666123320939,0.74130284015533,0.00881155860269755,8.66810602507174e-06,0.000370573686856539,0.000370203930182097,2.43833061660469e-07,0,0,0.00161886630339714,0,1,0,NaN,PASS
r130 (Delta_Kf > 0),TestC2_4_Delay_ActAsym_1_2ms,Nominal_Hardware_Limit,16000,param_init.ctrl.spd_max_out,Step3C_Replay,Asym_Actuator_Delay,d_act_L=1ms;d_act_R=2ms,Deterministic,Single,0.00161684782608696,0.00161807292917112,0.00161807292917112,1.22510308416196e-06,1.22510308416196e-06,0.00700695313125223,0.00538888020208111,0.884538051071426,1.15013071997279,VALID,0,99.9228333117792,96.8239949162391,96.8239949162391,0.739786658677185,0.000570868864400334,0.737542048481613,0.0234243729546506,7.4355524575704e-06,0.000373210147790111,0.000369893329338592,2.85434432200167e-07,0,0,0.00161917003818906,0,1,0,NaN,PASS
r130 (Delta_Kf > 0),TestC2_5_Delay_ActAsym_2_1ms,Nominal_Hardware_Limit,16000,param_init.ctrl.spd_max_out,Step3C_Replay,Asym_Actuator_Delay,d_act_L=2ms;d_act_R=1ms,Deterministic,Single,0.00161684782608696,0.00161767070048625,0.00161767070048625,8.22874399289018e-07,8.22874399289018e-07,0.00700675201690979,0.00538908131642354,0.884563439908946,1.1500877984116,VALID,0,99.9481765272189,97.071459143408,97.071459143408,0.739824104533401,0.000383402543440759,0.743598041872129,0.0217765724650433,1.47388719502854e-05,0.000369184748350205,0.0003699120522667,1.9170127172038e-07,0,0,0.00161875407555881,0,1,0,NaN,PASS
r130 (Delta_Kf > 0),TestC2_6_Delay_MeasSym_2ms,Nominal_Hardware_Limit,16000,param_init.ctrl.spd_max_out,Step3C_Replay,Meas_Delay,d_meas_L=2ms;d_meas_R=2ms,Deterministic,Single,0.00161684782608696,0.00161757187435838,0.00161757187435838,7.24048271424525e-07,7.24048271424525e-07,0.00700670260384586,0.00538913072948748,0.884569678077208,1.15007725323006,VALID,0,99.9543964950849,99.9543964950849,99.9543964950849,0.738622040323282,0.000336837538462948,0.738622040323282,0.000336837538462948,0,0,0.000369311020161641,1.68418769231474e-07,0,0,0.0016373437330815,0,1,0,NaN,PASS
r130 (Delta_Kf > 0),TestC2_7_Delay_MeasAsym_1_2ms,Nominal_Hardware_Limit,16000,param_init.ctrl.spd_max_out,Step3C_Replay,Asym_Meas_Delay,d_meas_L=1ms;d_meas_R=2ms,Deterministic,Single,0.00161684782608696,0.00161801989886022,0.00161801989886022,1.17207277326747e-06,1.17207277326747e-06,0.00700692661609678,0.00538890671723655,0.884541398282722,1.15012506095948,VALID,0,99.9261773599953,99.9261773599953,99.9261773599953,0.738622040323282,0.00054527028982343,0.738622040323282,0.00054527028982343,0,0,0.000369311020161641,2.72635144911715e-07,0,0,0.00161969310247334,0,1,0,NaN,PASS
r130 (Delta_Kf > 0),TestC3_1_PosNoise_1um,Nominal_Hardware_Limit,16000,param_init.ctrl.spd_max_out,Step3C_Replay,Position_Noise,sigma_y=1.0um;quant=1.0um,20260925-20260954,Summary_N30,0.00161684782608696,0.00161858869399058,0.00161867292624595,3.23334246227517e-06,1.93503799427849e-06,0.00700721101366196,0.00538862231967138,0.884505497919585,1.15018576158899,VALID,0,99.8894507487829,99.8894507487829,99.7963450996347,0.739802711847176,0.000817846358430874,0.739802711847176,0.000817846358430874,0,0,0.000369901355923588,4.08923179215437e-07,0,0,0.00162384327556107,0,1,0,16.8318084778907,PASS
r130 (Delta_Kf > 0),TestC3_2_PosNoise_2um,Nominal_Hardware_Limit,16000,param_init.ctrl.spd_max_out,Step3C_Replay,Position_Noise,sigma_y=2.0um;quant=1.0um,20260925-20260954,Summary_N30,0.00161684782608696,0.0016204234636923,0.00162113676426465,9.84620139114355e-06,4.79291281147934e-06,0.00700812839851282,0.00538770493482051,0.884389713519221,1.15038160805908,VALID,0,99.746665140795,99.746665140795,99.3797376545799,0.739802711847176,0.00187417815845255,0.739802711847176,0.00187417815845255,0,0,0.000369901355923588,9.37089079226276e-07,0,0,0.00164503288995372,0,1,0,16.8318084767893,PASS
r130 (Delta_Kf > 0),TestC3_3_PosNoise_5um,Nominal_Hardware_Limit,16000,param_init.ctrl.spd_max_out,Step3C_Replay,Position_Noise,sigma_y=5.0um;quant=1.0um,20260925-20260954,Summary_N30,0.00161684782608696,0.00162739234711393,0.0016268932707224,4.07816408317884e-05,1.88510159062407e-05,0.00701161284022363,0.0053842204931097,0.883950213438908,1.15112608679349,VALID,0,99.0264644952731,99.0264644952731,97.4291773082229,0.739802711847176,0.00720224206476485,0.739802711847176,0.00720224206476485,0,0,0.000369901355923588,3.60112103238242e-06,0,0,0.00174155451678793,0,1,0,16.8318084775384,PASS
r070 (Delta_Kf < 0),TestC4_Payload_d_-0.20m,Nominal_Hardware_Limit,16000,param_init.ctrl.spd_max_out,Step3C_Replay,Eccentric_Load,Delta_m=50.0kg;d_load=-0.20m,Deterministic,Single,-0.0021875,-0.00259532258747517,-0.00259532258747517,0.000407822587475167,0.000407822587475167,0.00490025537292908,0.00749557796040425,1.26481503411156,0.826876419591319,VALID,0,80.5307493759975,80.5307493759975,80.5307493759975,1.00090955132265,0.194869589066585,1.00090955132265,0.194869589066585,0.00107733884809532,0.000881079004902217,0.000500454775661325,9.74347945332926e-05,0,0,0.00266425965634792,784,1,0,NaN,DEGRADED_BY_PAYLOAD
r070 (Delta_Kf < 0),TestC4_Payload_d_-0.10m,Nominal_Hardware_Limit,16000,param_init.ctrl.spd_max_out,Step3C_Replay,Eccentric_Load,Delta_m=50.0kg;d_load=-0.10m,Deterministic,Single,-0.0021875,-0.00259723225269464,-0.00259723225269464,0.000409732252694642,0.000409732252694642,0.00489930054031935,0.00749653279301399,1.26506153596013,0.82677110042692,VALID,0,80.4382829249949,80.4382829249949,80.4382829249949,1.00090955132265,0.19579509460644,1.00090955132265,0.19579509460644,0.000530072832175103,0.000518851670299421,0.000500454775661325,9.78975473032198e-05,0,0,0.00264415797052871,697,1,0,NaN,DEGRADED_BY_PAYLOAD
r070 (Delta_Kf < 0),TestC4_Payload_d_-0.05m,Nominal_Hardware_Limit,16000,param_init.ctrl.spd_max_out,Step3C_Replay,Eccentric_Load,Delta_m=50.0kg;d_load=-0.05m,Deterministic,Single,-0.0021875,-0.00258989121301274,-0.00258989121301274,0.000402391213012738,0.000402391213012738,0.0049029710601603,0.00749286227317304,1.26411447071932,0.827176109836863,VALID,0,80.7936654344727,80.7936654344727,80.7936654344727,1.00090955132265,0.192238037125346,1.00090955132265,0.192238037125346,0.000267623358306594,0.000493446426803011,0.000500454775661325,9.61190185626732e-05,0,0,0.00263408700445053,489,1,0,NaN,DEGRADED_BY_PAYLOAD
r070 (Delta_Kf < 0),TestC4_Payload_d_+0.00m,Nominal_Hardware_Limit,16000,param_init.ctrl.spd_max_out,Step3C_Replay,Eccentric_Load,Delta_m=50.0kg;d_load=+0.00m,Deterministic,Single,-0.0021875,-0.00218885382842955,-0.00218885382842955,1.35382842954713e-06,1.35382842954713e-06,0.00510348975245189,0.00729234358088144,1.21444677412921,0.849921098467704,VALID,0,99.9361989683727,99.9361989683727,99.9361989683727,1.00090955132265,0.000638590619400515,1.00090955132265,0.000638590619400515,5.63046687347662e-05,0.000506264592213132,0.000500454775661325,3.19295309700258e-07,0,0,0.00218930116269055,0,1,0,NaN,PASS
r070 (Delta_Kf < 0),TestC4_Payload_d_+0.05m,Nominal_Hardware_Limit,16000,param_init.ctrl.spd_max_out,Step3C_Replay,Eccentric_Load,Delta_m=50.0kg;d_load=+0.05m,Deterministic,Single,-0.0021875,-0.00153665986146198,-0.00153665986146198,0.00065084013853802,0.00065084013853802,0.00542958673593568,0.00696624659739766,1.14150799464088,0.889706756717741,VALID,0,69.8098546643478,69.8098546643478,69.8098546643478,1.00090955132265,0.302176048222732,1.00090955132265,0.302176048222732,0.000270848195136474,0.00055035740153128,0.000500454775661325,0.000151088024111366,0,0,0.00156762354700178,0,1,0,NaN,DEGRADED_BY_PAYLOAD
r070 (Delta_Kf < 0),TestC4_Payload_d_+0.10m,Nominal_Hardware_Limit,16000,param_init.ctrl.spd_max_out,Step3C_Replay,Eccentric_Load,Delta_m=50.0kg;d_load=+0.10m,Deterministic,Single,-0.0021875,-0.000877994773101502,-0.000877994773101502,0.0013095052268985,0.0013095052268985,0.00575891928011592,0.00663691405321742,1.07622912654228,0.933855194894691,VALID,0,39.8660272534487,39.8660272534487,39.8660272534487,1.00090955132265,0.601886676809991,1.00090955132265,0.601886676809991,0.000535152214051345,0.000665608767543131,0.000500454775661325,0.000300943338404996,0,0,0.000939068145060742,0,1,0,NaN,DEGRADED_BY_PAYLOAD
r070 (Delta_Kf < 0),TestC4_Payload_d_+0.20m,Nominal_Hardware_Limit,16000,param_init.ctrl.spd_max_out,Step3C_Replay,Eccentric_Load,Delta_m=50.0kg;d_load=+0.20m,Deterministic,Single,-0.0021875,0.000496995506849987,0.000496995506849987,0.00268449550684999,0.00268449550684999,0.00644641442009166,0.00594941891324167,0.961451787423021,1.0417684074779,VALID,0,-22.9540385272012,-22.9540385272012,-22.9540385272012,1.00090955132265,1.23065871535569,1.00090955132265,1.23065871535569,0.00109080594422997,0.0010425192054065,0.000500454775661325,0.000615329357677844,0,0,0.00110843328336055,0,1,0,NaN,DEGRADED_BY_PAYLOAD
r130 (Delta_Kf > 0),TestC4_Payload_d_-0.20m,Nominal_Hardware_Limit,16000,param_init.ctrl.spd_max_out,Step3C_Replay,Eccentric_Load,Delta_m=50.0kg;d_load=-0.20m,Deterministic,Single,0.00161684782608696,-0.00106904729318364,-0.00106904729318364,0.0026858951192706,0.0026858951192706,0.00566339302007485,0.00673244031325849,1.0943822271732,0.920604770080299,VALID,0,-67.2595136632716,-67.2595136632716,-67.2595136632716,0.739802711847176,1.23739041790328,0.739802711847176,1.23739041790328,0.00107937645289383,0.000983778759422277,0.000369901355923588,0.000618695208951641,0,0,0.00176355292266128,0,1,0,NaN,DEGRADED_BY_PAYLOAD
r130 (Delta_Kf > 0),TestC4_Payload_d_-0.10m,Nominal_Hardware_Limit,16000,param_init.ctrl.spd_max_out,Step3C_Replay,Eccentric_Load,Delta_m=50.0kg;d_load=-0.10m,Deterministic,Single,0.00161684782608696,0.000307719237367105,0.000307719237367105,0.00130912858871985,0.00130912858871985,0.00635177628535022,0.00604405704798311,0.975776914713068,1.02545634785742,VALID,0,18.9672088314202,18.9672088314202,18.9672088314202,0.739802711847176,0.599482786550612,0.739802711847176,0.599482786550612,0.000526592714223205,0.000568636216068019,0.000369901355923588,0.000299741393275306,0,0,0.000343589905770729,0,1,0,NaN,DEGRADED_BY_PAYLOAD
r130 (Delta_Kf > 0),TestC4_Payload_d_-0.05m,Nominal_Hardware_Limit,16000,param_init.ctrl.spd_max_out,Step3C_Replay,Eccentric_Load,Delta_m=50.0kg;d_load=-0.05m,Deterministic,Single,0.00161684782608696,0.000966402595805964,0.000966402595805964,0.000650445230280993,0.000650445230280993,0.00668111796456965,0.00571471536876368,0.927676580406838,1.084553869567,VALID,0,59.5011180764899,59.5011180764899,59.5011180764899,0.739802711847176,0.299611826737914,0.739802711847176,0.299611826737914,0.000261577268206723,0.000427962970630295,0.000369901355923588,0.000149805913368957,0,0,0.000984695046211296,0,1,0,NaN,DEGRADED_BY_PAYLOAD
r130 (Delta_Kf > 0),TestC4_Payload_d_+0.00m,Nominal_Hardware_Limit,16000,param_init.ctrl.spd_max_out,Step3C_Replay,Eccentric_Load,Delta_m=50.0kg;d_load=+0.00m,Deterministic,Single,0.00161684782608696,0.00161806660636035,0.00161806660636035,1.21878027339113e-06,1.21878027339113e-06,0.00700694996984684,0.00538888336348649,0.884538450158528,1.15013004524498,VALID,0,99.9232374719977,99.9232374719977,99.9232374719977,0.739802711847176,0.000567891263843332,0.739802711847176,0.000567891263843332,2.75648207108179e-05,0.000369189989046996,0.000369901355923588,2.83945631921666e-07,0,0,0.00161955714001733,0,1,0,NaN,PASS
r130 (Delta_Kf > 0),TestC4_Payload_d_+0.05m,Nominal_Hardware_Limit,16000,param_init.ctrl.spd_max_out,Step3C_Replay,Eccentric_Load,Delta_m=50.0kg;d_load=+0.05m,Deterministic,Single,0.00161684782608696,0.0018321300613151,0.0018321300613151,0.00021528223522814,0.00021528223522814,0.00711398169732421,0.00528185163600912,0.871230336310521,1.17343634274243,VALID,0,86.3723998470497,86.3723998470497,86.3723998470497,0.739802711847176,0.100817355491216,0.739802711847176,0.100817355491216,0.000265811062395966,0.000339962812643537,0.000369901355923588,5.0408677745608e-05,0,0,0.00185394629019598,679,1,0,NaN,DEGRADED_BY_PAYLOAD
r130 (Delta_Kf > 0),TestC4_Payload_d_+0.10m,Nominal_Hardware_Limit,16000,param_init.ctrl.spd_max_out,Step3C_Replay,Eccentric_Load,Delta_m=50.0kg;d_load=+0.10m,Deterministic,Single,0.00161684782608696,0.0018400052300316,0.0018400052300316,0.000223157403944645,0.000223157403944645,0.00711791928168247,0.00527791405165087,0.870748377635671,1.17431178416557,VALID,0,85.8711043751773,85.8711043751773,85.8711043751773,0.739802711847176,0.104525952986495,0.739802711847176,0.104525952986495,0.000530018278554299,0.000444019095214131,0.000369901355923588,5.22629764932476e-05,0,0,0.00186433043927862,767,1,0,NaN,DEGRADED_BY_PAYLOAD
r130 (Delta_Kf > 0),TestC4_Payload_d_+0.20m,Nominal_Hardware_Limit,16000,param_init.ctrl.spd_max_out,Step3C_Replay,Eccentric_Load,Delta_m=50.0kg;d_load=+0.20m,Deterministic,Single,0.00161684782608696,0.00184027665179432,0.00184027665179432,0.000223428825707361,0.000223428825707361,0.00711805499256383,0.00527777834076951,0.870731776186273,1.17434197999361,VALID,0,85.8538232311017,85.8538232311017,85.8538232311017,0.739802711847176,0.104653799359005,0.739802711847176,0.104653799359005,0.00107870553865724,0.000904455730844805,0.000369901355923588,5.23268996795024e-05,0,0,0.0018851524476048,825,1,0,NaN,DEGRADED_BY_PAYLOAD
r070 (Delta_Kf < 0),TestC5_WorstCase_Composite_MC100,Nominal_Hardware_Limit,16000,param_init.ctrl.spd_max_out,Step3C_Replay,Worst_Case_Composite,Gain2pct+Bias20ct+Delay1-2ms+Noise2um+Payload50kg_0.1m_N100,20260924+1..100,MC_100_Trials,-0.0021875,-0.00202699329149287,-0.00206197054758843,0.00112035403778743,0.000583194684176111,NaN,NaN,NaN,NaN,VALID,0,76.7645940852795,76.632649339532,48.5071645048344,NaN,NaN,NaN,NaN,NaN,NaN,NaN,NaN,NaN,NaN,0.00264457010574686,20259,NaN,NaN,NaN,DEGRADED
r130 (Delta_Kf > 0),TestC5_WorstCase_Composite_MC100,Nominal_Hardware_Limit,16000,param_init.ctrl.spd_max_out,Step3C_Replay,Worst_Case_Composite,Gain2pct+Bias20ct+Delay1-2ms+Noise2um+Payload50kg_0.1m_N100,20260924+1..100,MC_100_Trials,0.00161684782608696,0.00139601070710331,0.00172481820021422,0.00115592963643152,0.000553845233959872,NaN,NaN,NaN,NaN,VALID,0,73.1312985022178,72.9225638807813,28.4121891211727,NaN,NaN,NaN,NaN,NaN,NaN,NaN,NaN,NaN,NaN,0.0018657516619476,29397,NaN,NaN,NaN,DEGRADED
r070 (Delta_Kf < 0),TestC6_Tornado_Rank1_d_load,Nominal_Hardware_Limit,16000,param_init.ctrl.spd_max_out,Step3C_Replay,Tornado_Sensitivity,Sensitivity S_d_load = 202.8613 %/m,Deterministic,Ranking,-0.0021875,202.861278357731,202.861278357731,NaN,NaN,NaN,NaN,NaN,NaN,VALID,0,NaN,NaN,NaN,NaN,NaN,NaN,NaN,NaN,NaN,NaN,NaN,NaN,NaN,NaN,NaN,NaN,NaN,NaN,PASS
r130 (Delta_Kf > 0),TestC6_Tornado_Rank1_d_load,Nominal_Hardware_Limit,16000,param_init.ctrl.spd_max_out,Step3C_Replay,Tornado_Sensitivity,Sensitivity S_d_load = 334.5195 %/m,Deterministic,Ranking,0.00161684782608696,334.519477718786,334.519477718786,NaN,NaN,NaN,NaN,NaN,NaN,VALID,0,NaN,NaN,NaN,NaN,NaN,NaN,NaN,NaN,NaN,NaN,NaN,NaN,NaN,NaN,NaN,NaN,NaN,NaN,PASS
r070 (Delta_Kf < 0),TestC6_Tornado_Rank2_delta_g,Nominal_Hardware_Limit,16000,param_init.ctrl.spd_max_out,Step3C_Replay,Tornado_Sensitivity,Sensitivity S_delta_g = 0.6916 %/pct,Deterministic,Ranking,-0.0021875,0.691609321998143,0.691609321998143,NaN,NaN,NaN,NaN,NaN,NaN,VALID,0,NaN,NaN,NaN,NaN,NaN,NaN,NaN,NaN,NaN,NaN,NaN,NaN,NaN,NaN,NaN,NaN,NaN,NaN,PASS
r130 (Delta_Kf > 0),TestC6_Tornado_Rank2_delta_g,Nominal_Hardware_Limit,16000,param_init.ctrl.spd_max_out,Step3C_Replay,Tornado_Sensitivity,Sensitivity S_delta_g = 9.1436 %/pct,Deterministic,Ranking,0.00161684782608696,9.14356439302324,9.14356439302324,NaN,NaN,NaN,NaN,NaN,NaN,VALID,0,NaN,NaN,NaN,NaN,NaN,NaN,NaN,NaN,NaN,NaN,NaN,NaN,NaN,NaN,NaN,NaN,NaN,NaN,PASS
r070 (Delta_Kf < 0),TestC6_Tornado_Rank3_sigma_y,Nominal_Hardware_Limit,16000,param_init.ctrl.spd_max_out,Step3C_Replay,Tornado_Sensitivity,Sensitivity S_sigma_y = 0.0206 %/um,Deterministic,Ranking,-0.0021875,0.0205703953681819,0.0205703953681819,NaN,NaN,NaN,NaN,NaN,NaN,VALID,0,NaN,NaN,NaN,NaN,NaN,NaN,NaN,NaN,NaN,NaN,NaN,NaN,NaN,NaN,NaN,NaN,NaN,NaN,PASS
r130 (Delta_Kf > 0),TestC6_Tornado_Rank3_sigma_y,Nominal_Hardware_Limit,16000,param_init.ctrl.spd_max_out,Step3C_Replay,Tornado_Sensitivity,Sensitivity S_sigma_y = 0.1036 %/um,Deterministic,Ranking,0.00161684782608696,0.103644808630001,0.103644808630001,NaN,NaN,NaN,NaN,NaN,NaN,VALID,0,NaN,NaN,NaN,NaN,NaN,NaN,NaN,NaN,NaN,NaN,NaN,NaN,NaN,NaN,NaN,NaN,NaN,NaN,PASS
r070 (Delta_Kf < 0),TestC6_Tornado_Rank4_i_bias,Nominal_Hardware_Limit,16000,param_init.ctrl.spd_max_out,Step3C_Replay,Tornado_Sensitivity,Sensitivity S_i_bias = 0.0034 %/ct,Deterministic,Ranking,-0.0021875,0.00336718007207821,0.00336718007207821,NaN,NaN,NaN,NaN,NaN,NaN,VALID,0,NaN,NaN,NaN,NaN,NaN,NaN,NaN,NaN,NaN,NaN,NaN,NaN,NaN,NaN,NaN,NaN,NaN,NaN,PASS
r130 (Delta_Kf > 0),TestC6_Tornado_Rank4_i_bias,Nominal_Hardware_Limit,16000,param_init.ctrl.spd_max_out,Step3C_Replay,Tornado_Sensitivity,Sensitivity S_i_bias = 0.0016 %/ct,Deterministic,Ranking,0.00161684782608696,0.00155632701096167,0.00155632701096167,NaN,NaN,NaN,NaN,NaN,NaN,VALID,0,NaN,NaN,NaN,NaN,NaN,NaN,NaN,NaN,NaN,NaN,NaN,NaN,NaN,NaN,NaN,NaN,NaN,NaN,PASS
r070 (Delta_Kf < 0),TestC6_Tornado_Rank5_d_act,Nominal_Hardware_Limit,16000,param_init.ctrl.spd_max_out,Step3C_Replay,Tornado_Sensitivity,Sensitivity S_d_act = 0.0002 %/ms,Deterministic,Ranking,-0.0021875,0.000159913767646458,0.000159913767646458,NaN,NaN,NaN,NaN,NaN,NaN,VALID,0,NaN,NaN,NaN,NaN,NaN,NaN,NaN,NaN,NaN,NaN,NaN,NaN,NaN,NaN,NaN,NaN,NaN,NaN,PASS
r130 (Delta_Kf > 0),TestC6_Tornado_Rank5_d_act,Nominal_Hardware_Limit,16000,param_init.ctrl.spd_max_out,Step3C_Replay,Tornado_Sensitivity,Sensitivity S_d_act = 0.0004 %/ms,Deterministic,Ranking,0.00161684782608696,0.000358412235357264,0.000358412235357264,NaN,NaN,NaN,NaN,NaN,NaN,VALID,0,NaN,NaN,NaN,NaN,NaN,NaN,NaN,NaN,NaN,NaN,NaN,NaN,NaN,NaN,NaN,NaN,NaN,NaN,PASS
r070 (Delta_Kf < 0),TestC7_Convex_Projection_Safety_MC30,Nominal_Hardware_Limit,16000,param_init.ctrl.spd_max_out,Step3C_Replay,Projection_Safety_Extreme,LargePayload0.2m+StepFault500ct+DeltaG3pct_MC30,20260924+1..30,MC_30_Trials,-0.0021875,0,0,0.000837705139704647,0.000837705139704647,NaN,NaN,NaN,NaN,VALID,0,NaN,NaN,NaN,NaN,NaN,NaN,NaN,NaN,NaN,NaN,NaN,NaN,NaN,0.000837705139704647,0,NaN,NaN,NaN,PASS
r130 (Delta_Kf > 0),TestC7_Convex_Projection_Safety_MC30,Nominal_Hardware_Limit,16000,param_init.ctrl.spd_max_out,Step3C_Replay,Projection_Safety_Extreme,LargePayload0.2m+StepFault500ct+DeltaG3pct_MC30,20260924+1..30,MC_30_Trials,0.00161684782608696,0.379918563760874,1,0.00188456525635998,0.00188456525635998,NaN,NaN,NaN,NaN,VALID,0,NaN,NaN,NaN,NaN,NaN,NaN,NaN,NaN,NaN,NaN,NaN,NaN,NaN,0.00188456525635998,30,NaN,NaN,NaN,PASS
r100 (Delta_Kf = 0),TestC8_Nominal_Symmetric_Benchmark_MC100,Nominal_Hardware_Limit,16000,param_init.ctrl.spd_max_out,Step3C_Replay,Symmetric_Benchmark_Noise,SymmetricModel_Noise2um_Bias15ct_Delay1-2ms_N100,20260924+1..100,MC_100_Trials,0,5.59537287150053e-07,2.42891680293608e-06,8.08024648470634e-06,3.90884544070435e-06,NaN,NaN,1,1,VALID,0,NaN,NaN,NaN,0,0.0013894879103187,0,0.0013894879103187,0,0,0,0,0,0,0,0,NaN,NaN,NaN,PASS_NO_FALSE_COMPENSATION
