Subtest,Trial_ID,True_Delay_L,True_Delay_R,Estimated_Delay_L,Estimated_Delay_R,Candidate_Delay_L,Candidate_Delay_R,Confirm_Count_L,Confirm_Count_R,Trusted_Delay_L,Trusted_Delay_R,Used_Index_L,Used_Index_R,Used_Index_Pos,Common_Timestamp,Current_Pair_Valid,Absolute_Alignment_Valid,Valid_For_Regression,Reject_Reason,Did_Update
B1_TIMESTAMP_NORMAL,1,0,0,0,0,NaN,NaN,0,0,0,0,1,1,1,0.099,1,1,1,NONE,1
B1_TIMESTAMP_NORMAL,2,1,0,1,0,NaN,NaN,0,0,1,0,1,2,2,0.098,1,1,1,NONE,1
B1_TIMESTAMP_NORMAL,3,0,1,0,1,NaN,NaN,0,0,0,1,2,1,2,0.098,1,1,1,NONE,1
B1_TIMESTAMP_NORMAL,4,2,1,2,1,NaN,NaN,0,0,2,1,1,2,3,0.097,1,1,1,NONE,1
B1_TIMESTAMP_NORMAL,5,1,2,1,2,NaN,NaN,0,0,1,2,2,1,3,0.097,1,1,1,NONE,1
B1_TIMESTAMP_NORMAL,6,2,0,2,0,NaN,NaN,0,0,2,0,1,3,2,0.097,1,1,1,NONE,1
B1_TIMESTAMP_NORMAL,7,0,2,0,2,NaN,NaN,0,0,0,2,3,1,1,0.097,1,1,1,NONE,1
B1_TIMESTAMP_NORMAL,8,2,2,2,2,NaN,NaN,0,0,2,2,1,1,3,0.097,1,1,1,NONE,1
B1_ABNORMAL_NEG_DELAY,1,NaN,NaN,NaN,NaN,NaN,NaN,0,0,2,2,NaN,NaN,NaN,NaN,0,0,0,NEGATIVE_DELAY,0
B1_ABNORMAL_NAN_TS,2,NaN,NaN,NaN,NaN,NaN,NaN,0,0,2,2,NaN,NaN,NaN,NaN,0,0,0,PACKET_CORRUPT,0
B1_ABNORMAL_DUP_SEQ,3,NaN,NaN,NaN,NaN,NaN,NaN,0,0,2,2,NaN,NaN,NaN,NaN,0,0,0,SEQ_ROLLBACK,0
B1_ABNORMAL_CLOCK_MISMATCH,4,NaN,NaN,NaN,NaN,NaN,NaN,0,0,2,2,NaN,NaN,NaN,NaN,0,0,0,CLOCK_MISMATCH,0
B1_ABNORMAL_POS_ASYNC,5,NaN,NaN,NaN,NaN,NaN,NaN,0,0,2,2,NaN,NaN,NaN,NaN,0,0,0,POSITION_ASYNC,0
B2_XCORR_KNOWN_PATH_MC,1,3,1,3,1,5,5,180,180,3,1,1,1,5,0.214,1,1,1,NONE,1
B2_XCORR_KNOWN_PATH_MC,2,0,0,0,0,2,4,165,165,0,0,3,1,4,0.215,1,1,1,NONE,1
B2_XCORR_KNOWN_PATH_MC,3,0,0,0,0,2,4,180,180,0,0,3,1,4,0.215,1,1,1,NONE,1
B2_XCORR_KNOWN_PATH_MC,4,1,3,1,3,3,7,184,184,1,3,5,1,7,0.212,1,1,1,NONE,1
B2_XCORR_KNOWN_PATH_MC,5,2,0,2,0,4,4,177,177,2,0,1,1,4,0.215,1,1,1,NONE,1
B2_XCORR_KNOWN_PATH_MC,6,2,3,2,3,4,7,179,179,2,3,4,1,7,0.212,1,1,1,NONE,1
B2_XCORR_KNOWN_PATH_MC,7,3,1,3,1,5,5,180,180,3,1,1,1,5,0.214,1,1,1,NONE,1
B2_XCORR_KNOWN_PATH_MC,8,3,3,3,3,5,7,182,182,3,3,3,1,7,0.212,1,1,1,NONE,1
B2_XCORR_KNOWN_PATH_MC,9,1,1,1,1,3,5,191,191,1,1,3,1,5,0.214,1,1,1,NONE,1
B2_XCORR_KNOWN_PATH_MC,10,1,0,1,0,3,4,180,180,1,0,2,1,4,0.215,1,1,1,NONE,1
B2_XCORR_KNOWN_PATH_MC,11,0,0,0,0,2,4,191,191,0,0,3,1,4,0.215,1,1,1,NONE,1
B2_XCORR_KNOWN_PATH_MC,12,3,1,3,1,5,5,175,175,3,1,1,1,5,0.214,1,1,1,NONE,1
B2_XCORR_KNOWN_PATH_MC,13,2,3,2,3,4,7,179,179,2,3,4,1,7,0.212,1,1,1,NONE,1
B2_XCORR_KNOWN_PATH_MC,14,1,0,1,0,3,4,186,186,1,0,2,1,4,0.215,1,1,1,NONE,1
B2_XCORR_KNOWN_PATH_MC,15,1,2,1,2,3,6,191,191,1,2,4,1,6,0.213,1,1,1,NONE,1
B2_XCORR_KNOWN_PATH_MC,16,3,0,3,0,5,4,185,185,3,0,1,2,5,0.214,1,1,1,NONE,1
B2_XCORR_KNOWN_PATH_MC,17,0,3,0,3,2,7,186,186,0,3,6,1,7,0.212,1,1,1,NONE,1
B2_XCORR_KNOWN_PATH_MC,18,2,2,2,2,4,6,181,181,2,2,3,1,6,0.213,1,1,1,NONE,1
B2_XCORR_KNOWN_PATH_MC,19,3,3,3,3,5,7,152,152,3,3,3,1,7,0.212,1,1,1,NONE,1
B2_XCORR_KNOWN_PATH_MC,20,2,1,2,1,4,5,184,184,2,1,2,1,5,0.214,1,1,1,NONE,1
B2_XCORR_KNOWN_PATH_MC,21,2,1,2,1,4,5,190,190,2,1,2,1,5,0.214,1,1,1,NONE,1
B2_XCORR_KNOWN_PATH_MC,22,1,3,1,3,3,7,172,172,1,3,5,1,7,0.212,1,1,1,NONE,1
B2_XCORR_KNOWN_PATH_MC,23,3,0,3,0,5,4,190,190,3,0,1,2,5,0.214,1,1,1,NONE,1
B2_XCORR_KNOWN_PATH_MC,24,2,1,2,1,4,5,182,182,2,1,2,1,5,0.214,1,1,1,NONE,1
B2_XCORR_KNOWN_PATH_MC,25,3,1,3,1,5,5,191,191,3,1,1,1,5,0.214,1,1,1,NONE,1
B2_XCORR_KNOWN_PATH_MC,26,0,2,0,2,2,6,186,186,0,2,5,1,6,0.213,1,1,1,NONE,1
B2_XCORR_KNOWN_PATH_MC,27,3,1,3,1,5,5,190,190,3,1,1,1,5,0.214,1,1,1,NONE,1
B2_XCORR_KNOWN_PATH_MC,28,1,3,1,3,3,7,176,176,1,3,5,1,7,0.212,1,1,1,NONE,1
B2_XCORR_KNOWN_PATH_MC,29,1,3,1,3,3,7,181,181,1,3,5,1,7,0.212,1,1,1,NONE,1
B2_XCORR_KNOWN_PATH_MC,30,0,3,0,3,2,7,184,184,0,3,6,1,7,0.212,1,1,1,NONE,1
B2_XCORR_KNOWN_PATH_MC,31,3,3,3,3,5,7,167,167,3,3,3,1,7,0.212,1,1,1,NONE,1
B2_XCORR_KNOWN_PATH_MC,32,0,1,0,1,2,5,191,191,0,1,4,1,5,0.214,1,1,1,NONE,1
B2_XCORR_KNOWN_PATH_MC,33,0,1,0,1,2,5,172,172,0,1,4,1,5,0.214,1,1,1,NONE,1
B2_XCORR_KNOWN_PATH_MC,34,2,0,2,0,4,4,191,191,2,0,1,1,4,0.215,1,1,1,NONE,1
B2_XCORR_KNOWN_PATH_MC,35,1,0,1,0,3,4,186,186,1,0,2,1,4,0.215,1,1,1,NONE,1
B2_XCORR_KNOWN_PATH_MC,36,2,0,2,0,4,4,179,179,2,0,1,1,4,0.215,1,1,1,NONE,1
B2_XCORR_KNOWN_PATH_MC,37,2,0,2,0,4,4,188,188,2,0,1,1,4,0.215,1,1,1,NONE,1
B2_XCORR_KNOWN_PATH_MC,38,0,2,0,2,2,6,184,184,0,2,5,1,6,0.213,1,1,1,NONE,1
B2_XCORR_KNOWN_PATH_MC,39,2,3,2,3,4,7,179,179,2,3,4,1,7,0.212,1,1,1,NONE,1
B2_XCORR_KNOWN_PATH_MC,40,0,3,0,3,2,7,160,160,0,3,6,1,7,0.212,1,1,1,NONE,1
B2_XCORR_KNOWN_PATH_MC,41,2,1,2,1,4,5,191,191,2,1,2,1,5,0.214,1,1,1,NONE,1
B2_XCORR_KNOWN_PATH_MC,42,3,0,3,0,5,4,185,185,3,0,1,2,5,0.214,1,1,1,NONE,1
B2_XCORR_KNOWN_PATH_MC,43,3,0,3,0,5,4,191,191,3,0,1,2,5,0.214,1,1,1,NONE,1
B2_XCORR_KNOWN_PATH_MC,44,0,1,0,1,2,5,191,191,0,1,4,1,5,0.214,1,1,1,NONE,1
B2_XCORR_KNOWN_PATH_MC,45,2,2,2,2,4,6,179,179,2,2,3,1,6,0.213,1,1,1,NONE,1
B2_XCORR_KNOWN_PATH_MC,46,1,2,1,2,3,6,177,177,1,2,4,1,6,0.213,1,1,1,NONE,1
B2_XCORR_KNOWN_PATH_MC,47,0,2,0,2,2,6,174,174,0,2,5,1,6,0.213,1,1,1,NONE,1
B2_XCORR_KNOWN_PATH_MC,48,3,3,3,3,5,7,176,176,3,3,3,1,7,0.212,1,1,1,NONE,1
B2_XCORR_KNOWN_PATH_MC,49,3,2,3,2,5,6,188,188,3,2,2,1,6,0.213,1,1,1,NONE,1
B2_XCORR_KNOWN_PATH_MC,50,3,3,3,3,5,7,141,141,3,3,3,1,7,0.212,1,1,1,NONE,1
B2_XCORR_KNOWN_PATH_MC,51,2,2,2,2,4,6,181,181,2,2,3,1,6,0.213,1,1,1,NONE,1
B2_XCORR_KNOWN_PATH_MC,52,2,3,2,3,4,7,173,173,2,3,4,1,7,0.212,1,1,1,NONE,1
B2_XCORR_KNOWN_PATH_MC,53,0,0,0,0,2,4,191,191,0,0,3,1,4,0.215,1,1,1,NONE,1
B2_XCORR_KNOWN_PATH_MC,54,0,0,0,0,2,4,188,188,0,0,3,1,4,0.215,1,1,1,NONE,1
B2_XCORR_KNOWN_PATH_MC,55,2,2,2,2,4,6,154,154,2,2,3,1,6,0.213,1,1,1,NONE,1
B2_XCORR_KNOWN_PATH_MC,56,0,1,0,1,2,5,174,174,0,1,4,1,5,0.214,1,1,1,NONE,1
B2_XCORR_KNOWN_PATH_MC,57,2,1,2,1,4,5,154,154,2,1,2,1,5,0.214,1,1,1,NONE,1
B2_XCORR_KNOWN_PATH_MC,58,3,1,3,1,5,5,189,189,3,1,1,1,5,0.214,1,1,1,NONE,1
B2_XCORR_KNOWN_PATH_MC,59,2,1,2,1,4,5,186,186,2,1,2,1,5,0.214,1,1,1,NONE,1
B2_XCORR_KNOWN_PATH_MC,60,0,3,0,3,2,7,185,185,0,3,6,1,7,0.212,1,1,1,NONE,1
B2_XCORR_KNOWN_PATH_MC,61,2,0,2,0,4,4,182,182,2,0,1,1,4,0.215,1,1,1,NONE,1
B2_XCORR_KNOWN_PATH_MC,62,0,2,0,2,2,6,176,176,0,2,5,1,6,0.213,1,1,1,NONE,1
B2_XCORR_KNOWN_PATH_MC,63,2,0,2,0,4,4,191,191,2,0,1,1,4,0.215,1,1,1,NONE,1
B2_XCORR_KNOWN_PATH_MC,64,3,1,3,1,5,5,132,132,3,1,1,1,5,0.214,1,1,1,NONE,1
B2_XCORR_KNOWN_PATH_MC,65,0,2,0,2,2,6,174,174,0,2,5,1,6,0.213,1,1,1,NONE,1
B2_XCORR_KNOWN_PATH_MC,66,2,3,2,3,4,7,183,183,2,3,4,1,7,0.212,1,1,1,NONE,1
B2_XCORR_KNOWN_PATH_MC,67,0,0,0,0,2,4,183,183,0,0,3,1,4,0.215,1,1,1,NONE,1
B2_XCORR_KNOWN_PATH_MC,68,3,1,3,1,5,5,188,188,3,1,1,1,5,0.214,1,1,1,NONE,1
B2_XCORR_KNOWN_PATH_MC,69,1,1,1,1,3,5,166,166,1,1,3,1,5,0.214,1,1,1,NONE,1
B2_XCORR_KNOWN_PATH_MC,70,2,2,2,2,4,6,168,168,2,2,3,1,6,0.213,1,1,1,NONE,1
B2_XCORR_KNOWN_PATH_MC,71,2,2,2,2,4,6,191,191,2,2,3,1,6,0.213,1,1,1,NONE,1
B2_XCORR_KNOWN_PATH_MC,72,3,2,3,2,5,6,191,191,3,2,2,1,6,0.213,1,1,1,NONE,1
B2_XCORR_KNOWN_PATH_MC,73,2,2,2,2,4,6,181,181,2,2,3,1,6,0.213,1,1,1,NONE,1
B2_XCORR_KNOWN_PATH_MC,74,3,1,3,1,5,5,188,188,3,1,1,1,5,0.214,1,1,1,NONE,1
B2_XCORR_KNOWN_PATH_MC,75,1,0,1,0,3,4,184,184,1,0,2,1,4,0.215,1,1,1,NONE,1
B2_XCORR_KNOWN_PATH_MC,76,2,3,2,3,4,7,166,166,2,3,4,1,7,0.212,1,1,1,NONE,1
B2_XCORR_KNOWN_PATH_MC,77,0,0,0,0,2,4,188,188,0,0,3,1,4,0.215,1,1,1,NONE,1
B2_XCORR_KNOWN_PATH_MC,78,3,3,3,3,5,7,171,171,3,3,3,1,7,0.212,1,1,1,NONE,1
B2_XCORR_KNOWN_PATH_MC,79,0,0,0,0,2,4,191,191,0,0,3,1,4,0.215,1,1,1,NONE,1
B2_XCORR_KNOWN_PATH_MC,80,1,3,1,3,3,7,132,132,1,3,5,1,7,0.212,1,1,1,NONE,1
B2_XCORR_KNOWN_PATH_MC,81,0,2,0,2,2,6,180,180,0,2,5,1,6,0.213,1,1,1,NONE,1
B2_XCORR_KNOWN_PATH_MC,82,3,3,3,3,5,7,149,149,3,3,3,1,7,0.212,1,1,1,NONE,1
B2_XCORR_KNOWN_PATH_MC,83,0,3,0,3,2,7,142,142,0,3,6,1,7,0.212,1,1,1,NONE,1
B2_XCORR_KNOWN_PATH_MC,84,2,2,2,2,4,6,165,165,2,2,3,1,6,0.213,1,1,1,NONE,1
B2_XCORR_KNOWN_PATH_MC,85,3,1,3,1,5,5,191,191,3,1,1,1,5,0.214,1,1,1,NONE,1
B2_XCORR_KNOWN_PATH_MC,86,1,0,1,0,3,4,191,191,1,0,2,1,4,0.215,1,1,1,NONE,1
B2_XCORR_KNOWN_PATH_MC,87,0,3,0,3,2,7,177,177,0,3,6,1,7,0.212,1,1,1,NONE,1
B2_XCORR_KNOWN_PATH_MC,88,0,2,0,2,2,6,186,186,0,2,5,1,6,0.213,1,1,1,NONE,1
B2_XCORR_KNOWN_PATH_MC,89,3,0,3,0,5,4,182,182,3,0,1,2,5,0.214,1,1,1,NONE,1
B2_XCORR_KNOWN_PATH_MC,90,3,2,3,2,5,6,159,159,3,2,2,1,6,0.213,1,1,1,NONE,1
B2_XCORR_KNOWN_PATH_MC,91,0,2,0,2,2,6,146,146,0,2,5,1,6,0.213,1,1,1,NONE,1
B2_XCORR_KNOWN_PATH_MC,92,1,3,1,3,3,7,140,140,1,3,5,1,7,0.212,1,1,1,NONE,1
B2_XCORR_KNOWN_PATH_MC,93,2,3,2,3,4,7,172,172,2,3,4,1,7,0.212,1,1,1,NONE,1
B2_XCORR_KNOWN_PATH_MC,94,1,2,1,2,3,6,159,159,1,2,4,1,6,0.213,1,1,1,NONE,1
B2_XCORR_KNOWN_PATH_MC,95,1,2,1,2,3,6,178,178,1,2,4,1,6,0.213,1,1,1,NONE,1
B2_XCORR_KNOWN_PATH_MC,96,1,0,1,0,3,4,191,191,1,0,2,1,4,0.215,1,1,1,NONE,1
B2_XCORR_KNOWN_PATH_MC,97,2,0,2,0,4,4,184,184,2,0,1,1,4,0.215,1,1,1,NONE,1
B2_XCORR_KNOWN_PATH_MC,98,0,1,0,1,2,5,178,178,0,1,4,1,5,0.214,1,1,1,NONE,1
B2_XCORR_KNOWN_PATH_MC,99,1,1,1,1,3,5,186,186,1,1,3,1,5,0.214,1,1,1,NONE,1
B2_XCORR_KNOWN_PATH_MC,100,0,1,0,1,2,5,174,174,0,1,4,1,5,0.214,1,1,1,NONE,1
B2_NOPOS_UNKNOWN,101,NaN,NaN,0,1,2,5,174,174,0,1,NaN,NaN,NaN,NaN,1,0,0,POSITION_DELAY_UNKNOWN,1
B3_DIFF_ONLY_LEGAL,1,4,3,NaN,NaN,4,3,191,191,NaN,NaN,NaN,NaN,NaN,NaN,0,0,0,NONE,1
B3_UNASSUMED_PATH,2,NaN,NaN,NaN,NaN,4,3,191,191,NaN,NaN,NaN,NaN,NaN,NaN,0,0,0,ASYMMETRIC_PATH_UNASSUMED,0
B3_SATURATION,3,NaN,NaN,NaN,NaN,4,3,191,191,NaN,NaN,NaN,NaN,NaN,NaN,0,0,0,SATURATION,0
B3_LOW_EXCITATION,4,NaN,NaN,NaN,NaN,NaN,NaN,0,0,NaN,NaN,NaN,NaN,NaN,NaN,0,0,0,LOW_EXCITATION,0
B3_REGRESSION_FREEZE,5,NaN,NaN,NaN,NaN,4,3,191,191,NaN,NaN,NaN,NaN,NaN,NaN,0,0,0,NONE,1
B4_BASELINE_CONFIRMED,1,1,1,1,1,3,3,21,21,1,1,NaN,NaN,NaN,NaN,0,0,0,NONE,1
B4_STEP4_MAINTAIN,2,3,3,3,3,5,5,5,5,3,3,NaN,NaN,NaN,NaN,0,0,0,NONE,1
B4_STEP5_CONFIRMED,3,3,3,3,3,5,5,5,5,3,3,NaN,NaN,NaN,NaN,0,0,0,NONE,1
B4_GLITCH_REJECTED,4,3,3,3,3,7,7,2,2,3,3,NaN,NaN,NaN,NaN,0,0,0,NONE,0
B5_CAUSALITY_AUDIT,1,2,0,2,0,NaN,NaN,0,0,2,0,1,1,1,0.5,1,1,1,NONE,1
B6_WARMUP_FREEZE,1,3,2,NaN,NaN,NaN,NaN,0,0,NaN,NaN,NaN,NaN,NaN,NaN,0,0,0,BUFFER_WARMING,0
B6_NEGATIVE_DELAY,2,NaN,NaN,NaN,NaN,NaN,NaN,0,0,NaN,NaN,NaN,NaN,NaN,NaN,0,0,0,NEGATIVE_DELAY,0
B6_NAN_INPUT,3,NaN,NaN,NaN,NaN,NaN,NaN,0,0,NaN,NaN,NaN,NaN,NaN,NaN,0,0,0,PACKET_CORRUPT,0
B6_INF_INPUT,4,NaN,NaN,NaN,NaN,NaN,NaN,0,0,NaN,NaN,NaN,NaN,NaN,NaN,0,0,0,PACKET_CORRUPT,0
B6_PACKET_LOSS,5,NaN,NaN,NaN,NaN,NaN,NaN,0,0,NaN,NaN,NaN,NaN,NaN,NaN,0,0,0,PACKET_CORRUPT,0
B6_SAT_INPUT,6,NaN,NaN,NaN,NaN,NaN,NaN,0,0,NaN,NaN,NaN,NaN,NaN,NaN,0,0,0,SATURATION,0
