Case,Test_Item,Limit_Scenario,Imax_counts,Imax_Source,Param_Source,Nominal_Current_Scale,Delta_Kf_True,Delta_Kf_Hat,KfL_Hat,KfR_Hat,gamma_L,gamma_R,Calibration_Validity,eta_ideal,eta_quant,eta_sat,RMS_T_res_base,RMS_T_res_comp,alpha_ss_base,alpha_ss_comp,base_left_saturation_ratio,base_right_saturation_ratio,base_total_saturation_ratio,comp_left_saturation_ratio,comp_right_saturation_ratio,comp_total_saturation_ratio,I_L_rms_before,I_R_rms_before,I_L_rms_after,I_R_rms_after,Calibration_Status
r070 (Delta_Kf < 0),TestP1_Theoretical_Exact,Nominal_Hardware_Limit,16000.0,param_init.ctrl.spd_max_out,Delta_Kf_True,1.00,-2.1875000e-03,-2.1875000e-03,5.1041667e-03,7.2916667e-03,1.214286,0.850000,VALID,100.0000,NaN,100.0000,1.0009e+00,3.8988e-16,5.0045e-04,1.9494e-19,0.00,0.00,0.00,0.00,0.00,0.00,1516.32,1538.79,1841.25,1307.97,PASS
r130 (Delta_Kf > 0),TestP1_Theoretical_Exact,Nominal_Hardware_Limit,16000.0,param_init.ctrl.spd_max_out,Delta_Kf_True,1.00,1.6168478e-03,1.6168478e-03,7.0063406e-03,5.3894928e-03,0.884615,1.150000,VALID,100.0000,NaN,100.0000,7.3980e-01,4.6513e-16,3.6990e-04,2.3256e-19,0.00,0.00,0.00,0.00,0.00,0.00,1516.32,1538.79,1341.36,1769.60,PASS
r070 (Delta_Kf < 0),TestP2_Continuous_Calib,Nominal_Hardware_Limit,16000.0,param_init.ctrl.spd_max_out,Phase1_TestB_Est,1.00,-2.1875000e-03,-2.1886608e-03,5.1035863e-03,7.2922471e-03,1.214424,0.849932,VALID,99.9453,NaN,99.9453,1.0009e+00,5.4754e-04,5.0045e-04,2.7377e-07,0.00,0.00,0.00,0.00,0.00,0.00,1516.32,1538.79,1841.46,1307.86,PASS
r130 (Delta_Kf > 0),TestP3_Continuous_Calib,Nominal_Hardware_Limit,16000.0,param_init.ctrl.spd_max_out,Phase1_TestC_Est,1.00,1.6168478e-03,1.6179774e-03,7.0069054e-03,5.3889280e-03,0.884544,1.150121,VALID,99.9289,NaN,99.9289,7.3980e-01,5.2632e-04,3.6990e-04,2.6316e-07,0.00,0.00,0.00,0.00,0.00,0.00,1516.32,1538.79,1341.25,1769.79,PASS
r070 (Delta_Kf < 0),TestP4_Quantized_Cascaded,Nominal_Hardware_Limit,16000.0,param_init.ctrl.spd_max_out,Phase1_TestD_Quant_Est,1.00,-2.1875000e-03,-2.1887303e-03,5.1035515e-03,7.2922818e-03,1.214432,0.849928,VALID,NaN,99.9420,99.9420,1.0009e+00,5.8032e-04,5.0045e-04,2.9016e-07,0.00,0.00,0.00,0.00,0.00,0.00,1516.32,1538.79,1841.47,1307.86,PASS
r130 (Delta_Kf > 0),TestP4_Quantized_Cascaded,Nominal_Hardware_Limit,16000.0,param_init.ctrl.spd_max_out,Phase1_TestD_Quant_Est,1.00,1.6168478e-03,1.6181376e-03,7.0069855e-03,5.3888479e-03,0.884534,1.150138,VALID,NaN,99.9188,99.9188,7.3980e-01,6.0097e-04,3.6990e-04,3.0049e-07,0.00,0.00,0.00,0.00,0.00,0.00,1516.32,1538.79,1341.24,1769.81,PASS
r130 (Delta_Kf > 0),TestP5_Clipped_Unproj,Nominal_Hardware_Limit,16000.0,param_init.ctrl.spd_max_out,Phase1_TestE_Unproj,1.00,1.6168478e-03,1.9469095e-03,7.1713714e-03,5.2244619e-03,0.864258,1.186326,INVALID_OUT_OF_BOUNDS,NaN,NaN,79.0447,7.3980e-01,1.5503e-01,3.6990e-04,7.7514e-05,0.00,0.00,0.00,0.00,0.00,0.00,1516.32,1538.79,1310.49,1825.50,CALIBRATION_CLIPPED
r130 (Delta_Kf > 0),TestP5_Clipped_Proj,Nominal_Hardware_Limit,16000.0,param_init.ctrl.spd_max_out,Phase1_TestE_Proj,1.00,1.6168478e-03,1.8464998e-03,7.1211666e-03,5.2746668e-03,0.870351,1.175035,VALID_ON_BOUNDARY,NaN,NaN,85.4575,7.3980e-01,1.0759e-01,3.6990e-04,5.3793e-05,0.00,0.00,0.00,0.00,0.00,0.00,1516.32,1538.79,1319.73,1808.13,CALIBRATION_CLIPPED
r070 (Delta_Kf < 0),TestP6_Current_Saturation_Sweep,Nominal_Hardware_Limit,16000.0,param_init.ctrl.spd_max_out,Scan_0.25_Imax,0.25,-2.1875000e-03,-2.1886608e-03,5.1035863e-03,7.2922471e-03,1.214424,0.849932,VALID,NaN,NaN,99.9453,1.2832e+00,7.0197e-04,6.4161e-04,3.5099e-07,0.00,0.00,0.00,0.00,0.00,0.00,1944.00,1972.80,2360.84,1676.75,PASS
r070 (Delta_Kf < 0),TestP6_Current_Saturation_Sweep,Nominal_Hardware_Limit,16000.0,param_init.ctrl.spd_max_out,Scan_0.50_Imax,0.50,-2.1875000e-03,-2.1886608e-03,5.1035863e-03,7.2922471e-03,1.214424,0.849932,VALID,NaN,NaN,99.9453,2.5664e+00,1.4039e-03,1.2832e-03,7.0197e-07,0.00,0.00,0.00,0.00,0.00,0.00,3888.01,3945.60,4721.69,3353.50,PASS
r070 (Delta_Kf < 0),TestP6_Current_Saturation_Sweep,Nominal_Hardware_Limit,16000.0,param_init.ctrl.spd_max_out,Scan_0.75_Imax,0.75,-2.1875000e-03,-2.1886608e-03,5.1035863e-03,7.2922471e-03,1.214424,0.849932,VALID,NaN,NaN,99.9453,3.8497e+00,2.1059e-03,1.9248e-03,1.0530e-06,0.00,0.00,0.00,0.00,0.00,0.00,5832.01,5918.40,7082.53,5030.24,PASS
r070 (Delta_Kf < 0),TestP6_Current_Saturation_Sweep,Nominal_Hardware_Limit,16000.0,param_init.ctrl.spd_max_out,Scan_1.00_Imax,1.00,-2.1875000e-03,-2.1886608e-03,5.1035863e-03,7.2922471e-03,1.214424,0.849932,VALID,NaN,NaN,82.2505,5.1329e+00,9.1106e-01,2.5664e-03,4.5553e-04,0.05,0.02,0.07,8.55,0.00,8.55,7776.01,7891.21,9144.32,6706.99,FAIL_DUE_TO_SATURATION
r070 (Delta_Kf < 0),TestP6_Current_Saturation_Sweep,Nominal_Hardware_Limit,16000.0,param_init.ctrl.spd_max_out,Scan_1.25_Imax,1.25,-2.1875000e-03,-2.1886608e-03,5.1035863e-03,7.2922471e-03,1.214424,0.849932,VALID,NaN,NaN,51.7824,6.0247e+00,2.9050e+00,3.0124e-03,1.4525e-03,9.22,8.67,9.87,13.05,1.92,13.05,9329.42,9377.64,10609.34,8327.65,FAIL_DUE_TO_SATURATION
r130 (Delta_Kf > 0),TestP6_Current_Saturation_Sweep,Nominal_Hardware_Limit,16000.0,param_init.ctrl.spd_max_out,Scan_0.25_Imax,0.25,1.6168478e-03,1.6179774e-03,7.0069054e-03,5.3889280e-03,0.884544,1.150121,VALID,NaN,NaN,99.9289,9.4847e-01,6.7477e-04,4.7423e-04,3.3739e-07,0.00,0.00,0.00,0.00,0.00,0.00,1944.00,1972.80,1719.56,2268.96,PASS
r130 (Delta_Kf > 0),TestP6_Current_Saturation_Sweep,Nominal_Hardware_Limit,16000.0,param_init.ctrl.spd_max_out,Scan_0.50_Imax,0.50,1.6168478e-03,1.6179774e-03,7.0069054e-03,5.3889280e-03,0.884544,1.150121,VALID,NaN,NaN,99.9289,1.8969e+00,1.3495e-03,9.4847e-04,6.7477e-07,0.00,0.00,0.00,0.00,0.00,0.00,3888.01,3945.60,3439.11,4537.92,PASS
r130 (Delta_Kf > 0),TestP6_Current_Saturation_Sweep,Nominal_Hardware_Limit,16000.0,param_init.ctrl.spd_max_out,Scan_0.75_Imax,0.75,1.6168478e-03,1.6179774e-03,7.0069054e-03,5.3889280e-03,0.884544,1.150121,VALID,NaN,NaN,99.9289,2.8454e+00,2.0243e-03,1.4227e-03,1.0122e-06,0.00,0.00,0.00,0.00,0.00,0.00,5832.01,5918.40,5158.67,6806.88,PASS
r130 (Delta_Kf > 0),TestP6_Current_Saturation_Sweep,Nominal_Hardware_Limit,16000.0,param_init.ctrl.spd_max_out,Scan_1.00_Imax,1.00,1.6168478e-03,1.6179774e-03,7.0069054e-03,5.3889280e-03,0.884544,1.150121,VALID,NaN,NaN,80.5626,3.7939e+00,7.3743e-01,1.8969e-03,3.6871e-04,0.05,0.02,0.07,0.00,6.07,6.07,7776.01,7891.21,6878.22,8854.68,FAIL_DUE_TO_SATURATION
r130 (Delta_Kf > 0),TestP6_Current_Saturation_Sweep,Nominal_Hardware_Limit,16000.0,param_init.ctrl.spd_max_out,Scan_1.25_Imax,1.25,1.6168478e-03,1.6179774e-03,7.0069054e-03,5.3889280e-03,0.884544,1.150121,VALID,NaN,NaN,43.1500,4.7774e+00,2.7160e+00,2.3887e-03,1.3580e-03,9.22,8.67,9.87,5.27,11.67,11.67,9329.42,9377.64,8526.13,10272.28,FAIL_DUE_TO_SATURATION
Symmetric (r=1.00),TestP7_Symmetric_Baseline,Nominal_Hardware_Limit,16000.0,param_init.ctrl.spd_max_out,Phase1_TestA1_Est,1.00,0.0000000e+00,9.3348553e-21,6.1979167e-03,6.1979167e-03,1.000000,1.000000,VALID,NaN,NaN,NaN,2.0625e-16,2.0625e-16,1.0312e-19,1.0312e-19,0.00,0.00,0.00,0.00,0.00,0.00,1516.32,1538.79,1516.32,1538.79,PASS
r070 (Delta_Kf < 0),TestP1_Theoretical_Exact,Derated_Limit_Scenario,4500.0,explicit_derated_scenario,Delta_Kf_True,1.00,-2.1875000e-03,-2.1875000e-03,5.1041667e-03,7.2916667e-03,1.214286,0.850000,VALID,100.0000,NaN,100.0000,1.0009e+00,3.8988e-16,5.0045e-04,1.9494e-19,0.00,0.00,0.00,0.00,0.00,0.00,1516.32,1538.79,1841.25,1307.97,PASS
r130 (Delta_Kf > 0),TestP1_Theoretical_Exact,Derated_Limit_Scenario,4500.0,explicit_derated_scenario,Delta_Kf_True,1.00,1.6168478e-03,1.6168478e-03,7.0063406e-03,5.3894928e-03,0.884615,1.150000,VALID,100.0000,NaN,100.0000,7.3980e-01,4.6513e-16,3.6990e-04,2.3256e-19,0.00,0.00,0.00,0.00,0.00,0.00,1516.32,1538.79,1341.36,1769.60,PASS
r070 (Delta_Kf < 0),TestP2_Continuous_Calib,Derated_Limit_Scenario,4500.0,explicit_derated_scenario,Phase1_TestB_Est,1.00,-2.1875000e-03,-2.1886608e-03,5.1035863e-03,7.2922471e-03,1.214424,0.849932,VALID,99.9453,NaN,99.9453,1.0009e+00,5.4754e-04,5.0045e-04,2.7377e-07,0.00,0.00,0.00,0.00,0.00,0.00,1516.32,1538.79,1841.46,1307.86,PASS
r130 (Delta_Kf > 0),TestP3_Continuous_Calib,Derated_Limit_Scenario,4500.0,explicit_derated_scenario,Phase1_TestC_Est,1.00,1.6168478e-03,1.6179774e-03,7.0069054e-03,5.3889280e-03,0.884544,1.150121,VALID,99.9289,NaN,99.9289,7.3980e-01,5.2632e-04,3.6990e-04,2.6316e-07,0.00,0.00,0.00,0.00,0.00,0.00,1516.32,1538.79,1341.25,1769.79,PASS
r070 (Delta_Kf < 0),TestP4_Quantized_Cascaded,Derated_Limit_Scenario,4500.0,explicit_derated_scenario,Phase1_TestD_Quant_Est,1.00,-2.1875000e-03,-2.1887303e-03,5.1035515e-03,7.2922818e-03,1.214432,0.849928,VALID,NaN,99.9420,99.9420,1.0009e+00,5.8032e-04,5.0045e-04,2.9016e-07,0.00,0.00,0.00,0.00,0.00,0.00,1516.32,1538.79,1841.47,1307.86,PASS
r130 (Delta_Kf > 0),TestP4_Quantized_Cascaded,Derated_Limit_Scenario,4500.0,explicit_derated_scenario,Phase1_TestD_Quant_Est,1.00,1.6168478e-03,1.6181376e-03,7.0069855e-03,5.3888479e-03,0.884534,1.150138,VALID,NaN,99.9188,99.9188,7.3980e-01,6.0097e-04,3.6990e-04,3.0049e-07,0.00,0.00,0.00,0.00,0.00,0.00,1516.32,1538.79,1341.24,1769.81,PASS
r130 (Delta_Kf > 0),TestP5_Clipped_Unproj,Derated_Limit_Scenario,4500.0,explicit_derated_scenario,Phase1_TestE_Unproj,1.00,1.6168478e-03,1.9469095e-03,7.1713714e-03,5.2244619e-03,0.864258,1.186326,INVALID_OUT_OF_BOUNDS,NaN,NaN,79.0447,7.3980e-01,1.5503e-01,3.6990e-04,7.7514e-05,0.00,0.00,0.00,0.00,0.00,0.00,1516.32,1538.79,1310.49,1825.50,CALIBRATION_CLIPPED
r130 (Delta_Kf > 0),TestP5_Clipped_Proj,Derated_Limit_Scenario,4500.0,explicit_derated_scenario,Phase1_TestE_Proj,1.00,1.6168478e-03,1.8464998e-03,7.1211666e-03,5.2746668e-03,0.870351,1.175035,VALID_ON_BOUNDARY,NaN,NaN,85.4575,7.3980e-01,1.0759e-01,3.6990e-04,5.3793e-05,0.00,0.00,0.00,0.00,0.00,0.00,1516.32,1538.79,1319.73,1808.13,CALIBRATION_CLIPPED
r070 (Delta_Kf < 0),TestP6_Current_Saturation_Sweep,Derated_Limit_Scenario,4500.0,explicit_derated_scenario,Scan_0.25_Imax,0.25,-2.1875000e-03,-2.1886608e-03,5.1035863e-03,7.2922471e-03,1.214424,0.849932,VALID,NaN,NaN,99.9453,3.6090e-01,1.9743e-04,1.8045e-04,9.8715e-08,0.00,0.00,0.00,0.00,0.00,0.00,546.75,554.85,663.99,471.59,PASS
r070 (Delta_Kf < 0),TestP6_Current_Saturation_Sweep,Derated_Limit_Scenario,4500.0,explicit_derated_scenario,Scan_0.50_Imax,0.50,-2.1875000e-03,-2.1886608e-03,5.1035863e-03,7.2922471e-03,1.214424,0.849932,VALID,NaN,NaN,99.9453,7.2181e-01,3.9486e-04,3.6090e-04,1.9743e-07,0.00,0.00,0.00,0.00,0.00,0.00,1093.50,1109.70,1327.97,943.17,PASS
r070 (Delta_Kf < 0),TestP6_Current_Saturation_Sweep,Derated_Limit_Scenario,4500.0,explicit_derated_scenario,Scan_0.75_Imax,0.75,-2.1875000e-03,-2.1886608e-03,5.1035863e-03,7.2922471e-03,1.214424,0.849932,VALID,NaN,NaN,99.9453,1.0827e+00,5.9229e-04,5.4136e-04,2.9614e-07,0.00,0.00,0.00,0.00,0.00,0.00,1640.25,1664.55,1991.96,1414.76,PASS
r070 (Delta_Kf < 0),TestP6_Current_Saturation_Sweep,Derated_Limit_Scenario,4500.0,explicit_derated_scenario,Scan_1.00_Imax,1.00,-2.1875000e-03,-2.1886608e-03,5.1035863e-03,7.2922471e-03,1.214424,0.849932,VALID,NaN,NaN,82.2505,1.4436e+00,2.5624e-01,7.2181e-04,1.2812e-04,0.05,0.02,0.07,8.55,0.00,8.55,2187.00,2219.40,2571.84,1886.34,FAIL_DUE_TO_SATURATION
r070 (Delta_Kf < 0),TestP6_Current_Saturation_Sweep,Derated_Limit_Scenario,4500.0,explicit_derated_scenario,Scan_1.25_Imax,1.25,-2.1875000e-03,-2.1886608e-03,5.1035863e-03,7.2922471e-03,1.214424,0.849932,VALID,NaN,NaN,51.7824,1.6945e+00,8.1702e-01,8.4723e-04,4.0851e-04,9.22,8.67,9.87,13.05,1.92,13.05,2623.90,2637.46,2983.88,2342.15,FAIL_DUE_TO_SATURATION
r130 (Delta_Kf > 0),TestP6_Current_Saturation_Sweep,Derated_Limit_Scenario,4500.0,explicit_derated_scenario,Scan_0.25_Imax,0.25,1.6168478e-03,1.6179774e-03,7.0069054e-03,5.3889280e-03,0.884544,1.150121,VALID,NaN,NaN,99.9289,2.6676e-01,1.8978e-04,1.3338e-04,9.4890e-08,0.00,0.00,0.00,0.00,0.00,0.00,546.75,554.85,483.63,638.14,PASS
r130 (Delta_Kf > 0),TestP6_Current_Saturation_Sweep,Derated_Limit_Scenario,4500.0,explicit_derated_scenario,Scan_0.50_Imax,0.50,1.6168478e-03,1.6179774e-03,7.0069054e-03,5.3889280e-03,0.884544,1.150121,VALID,NaN,NaN,99.9289,5.3351e-01,3.7956e-04,2.6676e-04,1.8978e-07,0.00,0.00,0.00,0.00,0.00,0.00,1093.50,1109.70,967.25,1276.29,PASS
r130 (Delta_Kf > 0),TestP6_Current_Saturation_Sweep,Derated_Limit_Scenario,4500.0,explicit_derated_scenario,Scan_0.75_Imax,0.75,1.6168478e-03,1.6179774e-03,7.0069054e-03,5.3889280e-03,0.884544,1.150121,VALID,NaN,NaN,99.9289,8.0027e-01,5.6934e-04,4.0013e-04,2.8467e-07,0.00,0.00,0.00,0.00,0.00,0.00,1640.25,1664.55,1450.88,1914.43,PASS
r130 (Delta_Kf > 0),TestP6_Current_Saturation_Sweep,Derated_Limit_Scenario,4500.0,explicit_derated_scenario,Scan_1.00_Imax,1.00,1.6168478e-03,1.6179774e-03,7.0069054e-03,5.3889280e-03,0.884544,1.150121,VALID,NaN,NaN,80.5626,1.0670e+00,2.0740e-01,5.3351e-04,1.0370e-04,0.05,0.02,0.07,0.00,6.07,6.07,2187.00,2219.40,1934.50,2490.38,FAIL_DUE_TO_SATURATION
r130 (Delta_Kf > 0),TestP6_Current_Saturation_Sweep,Derated_Limit_Scenario,4500.0,explicit_derated_scenario,Scan_1.25_Imax,1.25,1.6168478e-03,1.6179774e-03,7.0069054e-03,5.3889280e-03,0.884544,1.150121,VALID,NaN,NaN,43.1500,1.3437e+00,7.6387e-01,6.7183e-04,3.8193e-04,9.22,8.67,9.87,5.27,11.67,11.67,2623.90,2637.46,2397.97,2889.08,FAIL_DUE_TO_SATURATION
Symmetric (r=1.00),TestP7_Symmetric_Baseline,Derated_Limit_Scenario,4500.0,explicit_derated_scenario,Phase1_TestA1_Est,1.00,0.0000000e+00,9.3348553e-21,6.1979167e-03,6.1979167e-03,1.000000,1.000000,VALID,NaN,NaN,NaN,2.0625e-16,2.0625e-16,1.0312e-19,1.0312e-19,0.00,0.00,0.00,0.00,0.00,0.00,1516.32,1538.79,1516.32,1538.79,PASS
