comparison,current_limit,metric,baseline_mean,modified_mean,absolute_change,relative_change_pct
C2A: SyncAlloc vs independent,2400,tracking_rmse_mm,0.596876897191464,0.6742280817252393,0.07735118453377532,12.959319567861058
C2A: SyncAlloc vs independent,2400,sync_rms_mm,0.1075910114859,0.08992720824473857,-0.01766380324116143,-16.41754547820782
C2A: SyncAlloc vs independent,2400,sync_max_abs_mm,0.33540000000000003,0.3206,-0.014800000000000035,-4.4126416219439575
C2A: SyncAlloc vs independent,2400,saturation_fraction_pct,0.0,0.0,0.0,
C2A: SyncAlloc vs independent,2400,control_total_variation_count,1407057.6,1361841.8,-45215.80000000005,-3.213500285986874
C2A: SyncAlloc vs independent,800,tracking_rmse_mm,0.5980771266892697,0.5221674942670903,-0.07590963242217941,-12.692281485899086
C2A: SyncAlloc vs independent,800,sync_rms_mm,0.1516574293002294,0.09463530572756962,-0.05702212357265979,-37.59929456523732
C2A: SyncAlloc vs independent,800,sync_max_abs_mm,0.4466000000000001,0.3041999999999999,-0.1424000000000002,-31.885356023287095
C2A: SyncAlloc vs independent,800,saturation_fraction_pct,59.08992416034668,48.929431754887744,-10.160492405458939,-17.194966062043644
C2A: SyncAlloc vs independent,800,control_total_variation_count,890349.0,993139.4,102790.40000000002,11.544955966705192
C2B: SyncAlloc vs independent,2400,tracking_rmse_mm,0.5802569740149166,0.5888078477853549,0.008550873770438283,1.4736356740829912
C2B: SyncAlloc vs independent,2400,sync_rms_mm,0.10797473866071469,0.10813436327087242,0.000159624610157727,0.14783514379165105
C2B: SyncAlloc vs independent,2400,sync_max_abs_mm,0.2906000000000002,0.3342,0.043599999999999806,15.003441156228417
C2B: SyncAlloc vs independent,2400,saturation_fraction_pct,0.0,0.0,0.0,
C2B: SyncAlloc vs independent,2400,control_total_variation_count,1361766.4,1346037.8,-15728.59999999986,-1.1550145458134273
C2B: SyncAlloc vs independent,800,tracking_rmse_mm,0.5253737061831033,0.33280956377158094,-0.19256414241152237,-36.652794029324696
C2B: SyncAlloc vs independent,800,sync_rms_mm,0.12540768463390436,0.08678172665046932,-0.038625957983435044,-30.8003118757783
C2B: SyncAlloc vs independent,800,sync_max_abs_mm,0.4262,0.26459999999999995,-0.16160000000000008,-37.91647114030973
C2B: SyncAlloc vs independent,800,saturation_fraction_pct,48.24579176691853,25.33044420368364,-22.91534756323489,-47.497090883992136
C2B: SyncAlloc vs independent,800,control_total_variation_count,902926.4,667463.4,-235463.0,-26.077762262793513
