actual_sequence,file,condition_code,controller_code,controller,controller_id,sync_alloc,dynamic_aw,current_limit,run,source_rows,rows,selected_start_row_zero_based,selected_end_row_zero_based,discarded_prefix_rows,discarded_suffix_rows,duration_s,median_dt_ms,max_dt_ms,seq_consecutive_pct,tracking_rmse_mm,tracking_max_abs_mm,sync_rms_mm,sync_max_abs_mm,saturation_fraction_pct,saturation_duration_s,allocator_fraction_pct,recovery_time_s,control_total_variation_count,current_effort_count_s,request_peak_count,applied_peak_count,feedback_peak_count,z_aw_peak_count,delta_alloc_peak_count,battery_mean_V,battery_min_V,battery_max_V,final_tracking_error_mm,final_sync_error_mm,fault_max,valid,issues,expected_condition,order_match,acquisition_index
1,E3_C2A_SA_I2400_M2000g_S10mm_run01.csv,C2A_SA_I2400,C2A_SA,C2a-SyncAlloc,2,1,0,2400,1,1398,1397,1,1397,1,0,24.200001,16.000999999999266,20.0010000000006,100.0,0.7969122818695812,1.4185000000000014,0.07224389142564713,0.17700000000000007,0.0,0.0,0.0,,1565785.0,22589.222446999964,1916.328125,1916.0,1814.0,0.0,0.000244,24.520165201145307,24.165112,24.87253,-0.9195,0.005000000000000013,0,True,,C2A_SA_I2400,True,1
2,E3_C2A_SA_I2400_M2000g_S10mm_run02.csv,C2A_SA_I2400,C2A_SA,C2a-SyncAlloc,2,1,0,2400,2,1403,1403,0,1402,0,0,24.3,16.000999999999266,20.0010000000006,100.0,0.8161568692422234,1.4569999999999999,0.060696909665184554,0.20699999999999993,0.0,0.0,0.0,,1103792.0,19941.92000099999,2060.554932,2060.0,1923.0,0.0,0.000244,24.52961741054882,24.172667,24.863848,-0.7000000000000001,0.021999999999999992,0,True,,C2B_SA_I2400,False,2
3,E3_C2A_I800_M2000g_S10mm_run01.csv,C2A_I800,C2A,C2a,1,0,0,800,1,1451,1451,0,1450,0,0,25.152002,16.000999999999266,35.99999999999959,99.93103448275862,0.6042995945720964,1.2520000000000004,0.1619002140412695,0.4389999999999993,55.25460455037919,8.832001999999996,0.0,,855261.0,15726.261652000027,2447.709473,800.0,921.0,0.0,0.0,24.481765396278423,24.114542,24.813063,-0.23750000000000002,-0.03100000000000002,0,True,,C2A_SA_I800,False,3
4,E3_C2A_I800_M2000g_S10mm_run02.csv,C2A_I800,C2A,C2a,1,0,0,800,2,1370,1369,1,1369,1,0,23.712001,16.000999999999266,20.0010000000006,100.0,0.5839294370781946,1.3335000000000001,0.13744871199482284,0.4420000000000014,55.90465872156013,8.964007999999989,0.0,,859285.0,16068.68968999997,2274.044922,800.0,1321.0,0.0,0.0,24.472152755295834,24.122398,24.829506,0.127,-0.12600000000000003,0,True,,C2A_I2400,False,4
5,E3_C2A_I800_M2000g_S10mm_run03.csv,C2A_I800,C2A,C2a,1,0,0,800,3,1344,1343,1,1343,1,0,24.060001,16.000999999999266,816.0000000000002,99.92548435171386,0.6122095594575637,1.4774999999999996,0.1556325470699353,0.4349999999999996,62.51354279523294,10.00401399999998,0.0,,919462.0,16798.11630399999,2288.569824,800.0,1108.0,0.0,0.0,24.46373362248697,24.041523,24.82115,0.109,-0.09999999999999999,0,True,,C2B_I800,False,5
6,E3_C2A_I800_M2000g_S10mm_run04.csv,C2A_I800,C2A,C2a,1,0,0,800,4,1338,1337,1,1337,1,0,23.156,16.000999999999266,20.0010000000006,100.0,0.5908828762131715,1.2645,0.15165096851439586,0.38900000000000046,62.51354279523294,10.00800499999998,0.0,,903445.0,17032.319211999995,2155.867676,800.0,1167.0,0.0,0.0,24.46642226327599,24.138931,24.812792,-0.07400000000000001,-0.232,0,True,,C2B_I2400,False,6
7,E3_C2A_I800_M2000g_S10mm_run05.csv,C2A_I800,C2A,C2a,1,0,0,800,5,1312,1311,1,1311,1,0,24.128001,16.000999999999266,1440.0,99.9236641221374,0.5990641661253224,1.2820000000000003,0.15165470488072363,0.528,59.26327193932828,9.443978999999992,0.0,,914292.0,16653.812780000007,2226.008789,800.0,860.0,0.0,0.0,24.460487076277648,24.122799,24.863848,0.5549999999999999,-0.13200000000000006,0,True,,C2B_SA_I800,False,7
8,E3_C2B_SA_I2400_M2000g_S10mm_run01.csv,C2B_SA_I2400,C2B_SA,C2b-SyncAlloc,4,1,1,2400,1,1400,1400,0,1399,0,0,24.247999999999998,16.000999999999266,20.0010000000006,100.0,0.5961459732293899,1.1485000000000003,0.09985980964231048,0.337,0.0,0.0,0.0,,1251726.0,19302.02999099998,2072.910645,2072.0,1743.0,1.9e-05,0.000244,24.469242042857143,24.106924,24.888651,0.7150000000000001,0.098,0,True,,C2A_I800,False,8
9,E3_C2B_SA_I2400_M2000g_S10mm_run02.csv,C2B_SA_I2400,C2B_SA,C2b-SyncAlloc,4,1,1,2400,2,1415,1414,1,1414,1,0,24.508001,16.000999999999266,32.00099999999928,99.92922859164898,0.5860071817206676,1.3055000000000003,0.11984153492177829,0.311,0.0,0.0,0.0,,1382235.0,20900.485816000004,2146.863281,2146.0,1878.0,2.1e-05,0.000244,24.463192002828855,24.131445,24.846514,-0.692,0.24600000000000002,0,True,,C2A_SA_I2400,False,9
10,E3_C2B_SA_I2400_M2000g_S10mm_run03.csv,C2B_SA_I2400,C2B_SA,C2b-SyncAlloc,4,1,1,2400,3,1396,1396,0,1395,0,0,24.195999999999998,16.000999999999266,35.99999999999959,99.92831541218638,0.5695389500775793,1.32,0.10436057689968105,0.3259999999999999,0.0,0.0,0.0,,1343353.0,20917.405057999997,1975.397461,1975.0,1750.0,2.4e-05,0.000244,24.448281885386823,24.122599,24.795563,-0.823,0.09999999999999994,0,True,,C2B_SA_I2400,True,10
11,E3_C2B_SA_I2400_M2000g_S10mm_run04.csv,C2B_SA_I2400,C2B_SA,C2b-SyncAlloc,4,1,1,2400,4,1488,1487,1,1487,1,0,25.776002,16.000999999999266,32.00000000000003,99.93270524899059,0.6078804572652645,1.2530000000000006,0.11297728417206225,0.371,0.0,0.0,0.0,,1491443.0,21161.49569799994,2068.745117,2068.0,1870.0,1.9e-05,0.000244,24.452838829186284,24.073969,24.863239,-0.5599999999999999,-0.12,0,True,,C2B_I2400,False,11
12,E3_C2B_SA_I2400_M2000g_S10mm_run05.csv,C2B_SA_I2400,C2B_SA,C2b-SyncAlloc,4,1,1,2400,5,1502,1501,1,1501,1,0,26.208001,16.000999999999266,207.99999999999997,99.86666666666667,0.5844666766338733,1.2309999999999999,0.10363261071853005,0.326,0.0,0.0,0.0,,1261432.0,19753.15456100004,2204.665771,2204.0,2190.0,2.3e-05,0.000244,24.452862991339106,24.090446,24.829506,0.115,0.10599999999999998,0,True,,C2B_I800,False,12
13,E3_C2A_SA_I800_M2000g_S10mm_run01.csv,C2A_SA_I800,C2A_SA,C2a-SyncAlloc,2,1,0,800,1,1375,1374,1,1374,1,0,23.800000999999998,16.000999999999266,20.0010000000006,100.0,0.4549435486393201,1.1789999999999994,0.09103837605918152,0.3480000000000002,33.91115926327194,5.411992999999992,33.91115926327194,0.015999000000000763,691953.0,11361.087877999991,2256.504395,800.0,999.0,0.0,1456.504395,24.453202194323143,24.106289,24.821426,-0.07999999999999999,0.022000000000000006,0,True,,C2A_SA_I800,True,13
14,E3_C2A_SA_I800_M2000g_S10mm_run02.csv,C2A_SA_I800,C2A_SA,C2a-SyncAlloc,2,1,0,800,2,1360,1359,1,1359,1,0,23.556002,16.000999999999266,32.00099999999928,99.92636229749633,0.5307859355027682,1.0795000000000001,0.10835310237333419,0.35500000000000026,53.90455531453362,8.607983000000003,53.90455531453362,0.01600000000000179,1102813.0,16532.649849999994,2315.988525,800.0,1203.0,0.0,1515.988525,24.4559340647535,24.058222,24.896366,-0.909,0.19999999999999987,0,True,,C2A_I800,False,14
15,E3_C2A_SA_I800_M2000g_S10mm_run03.csv,C2A_SA_I800,C2A_SA,C2a-SyncAlloc,2,1,0,800,3,1372,1371,1,1371,1,0,23.748001,16.000999999999266,20.0010000000006,100.0,0.5418603270496336,1.2875000000000005,0.09893409715377016,0.28300000000000003,53.737811484290354,8.592014999999991,53.737811484290354,0.0200010000000006,1048596.0,15403.341122999991,2253.779297,800.0,831.0,0.0,1453.779541,24.446192687819114,24.122599,24.88833,-0.0005,-0.003,0,True,,C2A_I2400,False,15
16,E3_C2A_SA_I800_M2000g_S10mm_run04.csv,C2A_SA_I800,C2A_SA,C2a-SyncAlloc,2,1,0,800,4,1380,1379,1,1379,1,0,23.904001,16.000999999999266,32.00199999999853,99.92743105950653,0.5447342037780689,1.287,0.09258840531224545,0.28699999999999903,55.42299349240781,8.868008000000005,55.42299349240781,0.01600000000000179,1159056.0,16526.967807000023,1950.200195,800.0,968.0,0.0,1150.200195,24.4439978955765,24.089777,24.837864,0.801,0.003999999999999989,0,True,,C2B_SA_I800,False,16
17,E3_C2A_SA_I800_M2000g_S10mm_run05.csv,C2A_SA_I800,C2A_SA,C2a-SyncAlloc,2,1,0,800,5,1327,1326,1,1326,1,0,22.968000999999997,16.000999999999266,20.0010000000006,100.0,0.538513456365661,1.1175,0.08226254773931681,0.24800000000000005,47.670639219935,7.6639919999999915,47.670639219935,,963279.0,15255.353872999995,2202.229248,800.0,1230.0,0.0,1402.229248,24.444569890648566,24.115366,24.853985,-0.221,-0.014000000000000016,0,True,,C2A_SA_I800,True,17
18,E3_C2A_I2400_M2000g_S10mm_run01.csv,C2A_I2400,C2A,C2a,1,0,0,2400,1,1387,1387,0,1386,0,0,24.024001,16.000999999999266,20.0010000000006,100.0,0.5947845313037514,1.283,0.10179665538016078,0.30200000000000016,0.0,0.0,0.0,,1330993.0,19937.612663999993,1993.565674,1993.0,1789.0,0.0,0.0,24.449135748377795,24.114542,24.862936,0.6625,0.053000000000000096,0,True,,C2B_I800,False,18
19,E3_C2A_I2400_M2000g_S10mm_run02.csv,C2A_I2400,C2A,C2a,1,0,0,2400,2,1386,1385,1,1385,1,0,23.992001,16.000999999999266,20.0010000000006,100.0,0.6089770268497566,1.2025000000000003,0.10924041394558723,0.2890000000000001,0.0,0.0,0.0,,1389786.0,20472.721839000013,1986.991455,1986.0,1897.0,0.0,0.0,24.43972249530686,24.09,24.871912,0.15999999999999998,-0.24,0,True,,C2A_I2400,True,19
20,E3_C2A_I2400_M2000g_S10mm_run03.csv,C2A_I2400,C2A,C2a,1,0,0,2400,3,1380,1379,1,1379,1,0,23.888001,16.000999999999266,20.0010000000006,100.0,0.6055890104407696,1.2460000000000007,0.11499008860204601,0.293,0.0,0.0,0.0,,1483242.0,21020.093284000017,2288.939209,2288.0,2021.0,0.0,0.0,24.44285190065265,24.049751,24.820601,-0.8099999999999999,-0.02799999999999992,0,True,,C2B_SA_I800,False,20
21,E3_C2A_I2400_M2000g_S10mm_run04.csv,C2A_I2400,C2A,C2a,1,0,0,2400,4,1394,1393,1,1393,1,0,24.128001,16.000999999999266,20.0010000000006,100.0,0.5829957919619035,1.0664999999999998,0.10251843372017398,0.40700000000000003,0.0,0.0,0.0,,1393447.0,19816.354144000034,2136.725586,2136.0,1677.0,0.0,0.0,24.447707202440778,24.139118,24.796595,-0.04,0.14,0,True,,C2A_I800,False,21
22,E3_C2A_I2400_M2000g_S10mm_run05.csv,C2A_I2400,C2A,C2a,1,0,0,2400,5,1403,1402,1,1402,1,0,24.284002,16.000999999999266,20.0010000000006,100.0,0.5920381254011383,1.186,0.10940946578153196,0.38600000000000007,0.0,0.0,0.0,,1437820.0,20017.364121999988,2389.743164,2389.0,1787.0,0.0,0.0,24.43836989229672,24.017111,24.820875,-0.41,0.08799999999999997,0,True,,C2B_SA_I2400,False,22
23,E3_C2B_I800_M2000g_S10mm_run01.csv,C2B_I800,C2B,C2b,3,0,1,800,1,1404,1404,0,1403,0,0,24.320000999999998,16.000999999999266,20.0010000000006,100.0,0.5212400782325206,0.9794999999999999,0.11013041265793835,0.39400000000000024,45.67099567099567,7.323999000000004,0.0,0.015999000000000763,878362.0,15211.862248000001,1696.248779,800.0,1114.0,380.707977,0.0,24.441485788461538,24.033295,24.90572,0.507,-0.14199999999999993,0,True,,C2B_I2400,False,23
24,E3_C2B_I800_M2000g_S10mm_run02.csv,C2B_I800,C2B,C2b,3,0,1,800,2,1387,1386,1,1386,1,0,24.008001,16.000999999999266,20.0010000000006,100.0,0.5148140480434062,0.9560000000000003,0.1157929420004436,0.31400000000000006,45.82881906825569,7.347998000000013,0.0,,891503.0,15025.240206000004,1879.675171,800.0,1215.0,320.814606,0.0,24.429268411255414,24.114336,24.837864,-0.19349999999999998,0.17900000000000002,0,True,,C2A_SA_I2400,False,24
25,E3_C2B_I800_M2000g_S10mm_run03.csv,C2B_I800,C2B,C2b,3,0,1,800,3,1373,1373,0,1372,0,0,23.780002,16.000999999999266,20.0010000000006,100.0,0.5362106950948738,1.073,0.14183917311255181,0.477,51.787648970747554,8.25997600000002,0.0,0.01600000000000179,932421.0,15844.780331000009,1914.822144,800.0,1071.0,512.978638,0.0,24.427536502549163,24.082434,24.78772,-0.793,0.10400000000000004,0,True,,C2A_SA_I800,False,25
26,E3_C2B_I800_M2000g_S10mm_run04.csv,C2B_I800,C2B,C2b,3,0,1,800,4,1385,1385,0,1384,0,0,23.988001999999998,16.000999999999266,20.0010000000006,100.0,0.5157688330693935,0.9924999999999995,0.11981691522665404,0.39099999999999985,47.12892741061755,7.5520129999999845,0.0,,873633.0,15101.678032999991,2055.652588,800.0,1154.0,413.945892,0.0,24.428622488808667,24.11413,24.78772,-0.1175,0.24899999999999997,0,True,,C2A_I800,False,26
27,E3_C2B_I800_M2000g_S10mm_run05.csv,C2B_I800,C2B,C2b,3,0,1,800,5,1369,1368,1,1368,1,0,23.696001,16.000999999999266,20.0010000000006,100.0,0.538834876475322,1.111,0.139458980171934,0.5549999999999999,50.812567713976165,8.151990000000033,0.0,0.01600000000000179,938713.0,15859.153398000035,1919.998413,800.0,889.0,433.797607,0.0,24.433111622076026,24.106073,24.78035,0.2635,-0.055000000000000035,0,True,,C2A_I2400,False,27
28,E3_C2B_I2400_M2000g_S10mm_run01.csv,C2B_I2400,C2B,C2b,3,0,1,2400,1,1382,1381,1,1381,1,0,23.919999999999998,16.000999999999266,20.0010000000006,100.0,0.5458156864206041,1.1159999999999999,0.11649639279448891,0.3480000000000002,0.0,0.0,0.0,,1539317.0,21140.572143000027,2059.342773,2059.0,1690.0,0.0,0.0,24.45163839608979,24.106289,24.83007,-0.34500000000000003,-0.08599999999999998,0,True,,C2B_SA_I800,False,28
29,E3_C2B_I2400_M2000g_S10mm_run02.csv,C2B_I2400,C2B,C2b,3,0,1,2400,2,1422,1422,0,1421,0,0,24.648001999999998,16.000999999999266,36.000000000001364,99.92962702322308,0.5842917282939332,1.1620000000000008,0.11668582323873962,0.255,0.0,0.0,0.0,,1436232.0,20654.99636600001,2193.967529,2193.0,1800.0,0.0,0.0,24.438004627285512,24.073969,24.82115,-0.4645,0.233,0,True,,C2B_SA_I2400,False,29
30,E3_C2B_I2400_M2000g_S10mm_run03.csv,C2B_I2400,C2B,C2b,3,0,1,2400,3,1381,1380,1,1380,1,0,23.904001,16.000999999999266,20.0010000000006,100.0,0.5943928049773853,1.0959999999999999,0.09873688730362902,0.3190000000000007,0.0,0.0,0.0,,1326131.0,19715.145923000004,2129.412109,2129.0,1855.0,0.0,0.0,24.435656123188405,24.016838,24.787971,0.14100000000000001,-0.084,0,True,,C2B_I800,False,30
31,E3_C2B_I2400_M2000g_S10mm_run04.csv,C2B_I2400,C2B,C2b,3,0,1,2400,4,1393,1392,1,1392,1,0,24.112002,16.000999999999266,20.0010000000006,100.0,0.5843588262458986,1.1345,0.10351157288186041,0.2669999999999999,0.0,0.0,0.0,,1218551.0,18459.157724000033,1982.701416,1982.0,1862.0,0.0,0.0,24.429650535201144,24.098684,24.771729,-0.8045,0.17099999999999993,0,True,,C2B_I2400,True,31
32,E3_C2B_I2400_M2000g_S10mm_run05.csv,C2B_I2400,C2B,C2b,3,0,1,2400,5,1402,1401,1,1401,1,0,24.284001,16.000999999999266,32.00099999999928,99.92857142857143,0.5924258241367618,1.0879999999999996,0.10444301708485552,0.264,0.0,0.0,0.0,,1288601.0,19806.623506999964,2035.073242,2035.0,1930.0,0.0,0.0,24.424560648108493,24.065491,24.787971,-0.5614999999999999,0.011000000000000051,0,True,,C2A_SA_I2400,False,32
33,E3_C2B_SA_I800_M2000g_S10mm_run01.csv,C2B_SA_I800,C2B_SA,C2b-SyncAlloc,4,1,1,800,1,1425,1424,1,1424,1,0,25.652002,16.000999999999266,1004.0,99.9297259311314,0.2537148040372279,0.9645000000000001,0.07971477458481133,0.2669999999999999,14.517876489707476,2.323989999999995,14.517876489707476,0.0199990000000021,438037.0,7295.451071,1567.340454,800.0,949.0,360.586121,767.340454,24.433721375702252,24.081522,24.78772,0.0010000000000000002,0.009999999999999998,0,True,,C2B_I800,False,33
34,E3_C2B_SA_I800_M2000g_S10mm_run02.csv,C2B_SA_I800,C2B_SA,C2b-SyncAlloc,4,1,1,800,2,1382,1382,0,1381,0,0,23.936002,16.000999999999266,20.0010000000006,100.0,0.3128036080950311,0.9979999999999998,0.08062808024468683,0.268,19.501625135427954,3.1080089999999903,19.501625135427954,0.019999999999999574,511819.0,9750.601509,1660.959351,800.0,816.0,313.3685,860.959351,24.428976481186687,24.098034,24.771729,-0.0625,0.09099999999999998,0,True,,C2A_I2400,False,34
35,E3_C2B_SA_I800_M2000g_S10mm_run03.csv,C2B_SA_I800,C2B_SA,C2b-SyncAlloc,4,1,1,800,3,1391,1390,1,1390,1,0,24.076,16.000999999999266,20.0010000000006,100.0,0.4432900485824878,0.9624999999999994,0.11905117848468177,0.311,43.44528710725894,6.963979,43.44528710725894,,1085227.0,15623.565514000005,1923.971191,800.0,805.0,304.005524,1123.971191,24.425783417266192,24.073969,24.83007,0.3425,0.06100000000000002,0,True,,C2A_SA_I800,False,35
36,E3_C2B_SA_I800_M2000g_S10mm_run04.csv,C2B_SA_I800,C2B_SA,C2b-SyncAlloc,4,1,1,800,4,1366,1365,1,1365,1,0,23.644001,16.000999999999266,20.0010000000006,100.0,0.2766903579295472,0.9504999999999999,0.06672248114984108,0.23899999999999985,18.30985915492958,2.948005,18.30985915492958,0.016000999999999266,544800.0,8267.086567000006,1603.655273,800.0,841.0,288.951538,803.655273,24.42402480952381,24.081522,24.804701,0.0004999999999999999,0.013000000000000001,0,True,,C2A_SA_I2400,False,36
37,E3_C2B_SA_I800_M2000g_S10mm_run05.csv,C2B_SA_I800,C2B_SA,C2b-SyncAlloc,4,1,1,800,5,1401,1400,1,1400,1,0,24.252001,16.000999999999266,20.0010000000006,100.0,0.37754900021361054,1.2515,0.08779211878832555,0.238,30.87757313109426,4.935998000000019,30.87757313109426,0.0200010000000006,757434.0,12518.140541000017,1809.666504,800.0,864.0,447.040466,1009.666504,24.414169373571426,24.081522,24.779364,0.23349999999999999,-0.0009999999999999972,0,True,,C2B_I2400,False,37
38,E3_C2A_SA_I2400_M2000g_S10mm_run03.csv,C2A_SA_I2400,C2A_SA,C2a-SyncAlloc,2,1,0,2400,3,1392,1391,1,1391,1,0,24.096001,16.000999999999266,20.0010000000006,100.0,0.5812338935533194,1.1760000000000002,0.10251945755557419,0.307,0.0,0.0,0.0,,1436896.0,20531.466488,2021.731567,2021.0,1667.0,0.0,0.000244,24.45444233213515,24.106501,24.854877,0.877,-0.098,0,True,,C2B_SA_I2400,False,38
39,E3_C2A_SA_I2400_M2000g_S10mm_run04.csv,C2A_SA_I2400,C2A_SA,C2a-SyncAlloc,2,1,0,2400,4,1401,1400,1,1400,1,0,24.252001,16.000999999999266,20.0010000000006,100.0,0.5846731089815892,1.2339999999999998,0.11016594888935159,0.5950000000000001,0.0,0.0,0.0,,1407258.0,20066.33717800001,2319.536621,2319.0,1702.0,0.0,0.000244,24.451753618571423,24.138931,24.796595,-0.8634999999999999,0.151,0,True,,C2B_SA_I800,False,39
40,E3_C2A_SA_I2400_M2000g_S10mm_run05.csv,C2A_SA_I2400,C2A_SA,C2a-SyncAlloc,2,1,0,2400,5,1407,1406,1,1406,1,0,24.352,16.000999999999266,20.0010000000006,100.0,0.5921642549794831,1.1349999999999998,0.10400983368793543,0.317,0.0,0.0,0.0,,1295478.0,20145.137658999975,2138.772217,2138.0,2049.0,0.0,0.000244,24.44240110739687,24.041523,24.829506,-0.057499999999999996,-0.165,0,True,,C2A_I800,False,40
