file,valid,issues,source_rows,rows,discarded_prefix_rows,discarded_suffix_rows,columns,seq_consecutive_pct,median_dt_ms,max_dt_ms,phase_path,fault_max,controller_id,current_limit,load_kg,final_tracking_error_mm,final_sync_error_mm
E3_C2A_I2400_M2000g_S10mm_run01.csv,True,,1387,1387,0,0,30,100.0,16.000999999999266,20.0010000000006,0→1→2→3→4→5→6,0,1,2400,2.0,0.6625,0.053000000000000096
E3_C2A_I2400_M2000g_S10mm_run02.csv,True,,1386,1385,1,0,30,100.0,16.000999999999266,20.0010000000006,0→1→2→3→4→5→6,0,1,2400,2.0,0.15999999999999998,-0.24
E3_C2A_I2400_M2000g_S10mm_run03.csv,True,,1380,1379,1,0,30,100.0,16.000999999999266,20.0010000000006,0→1→2→3→4→5→6,0,1,2400,2.0,-0.8099999999999999,-0.02799999999999992
E3_C2A_I2400_M2000g_S10mm_run04.csv,True,,1394,1393,1,0,30,100.0,16.000999999999266,20.0010000000006,0→1→2→3→4→5→6,0,1,2400,2.0,-0.04,0.14
E3_C2A_I2400_M2000g_S10mm_run05.csv,True,,1403,1402,1,0,30,100.0,16.000999999999266,20.0010000000006,0→1→2→3→4→5→6,0,1,2400,2.0,-0.41,0.08799999999999997
E3_C2A_I800_M2000g_S10mm_run01.csv,True,,1451,1451,0,0,30,99.93103448275862,16.000999999999266,35.99999999999959,0→1→2→3→4→5→6,0,1,800,2.0,-0.23750000000000002,-0.03100000000000002
E3_C2A_I800_M2000g_S10mm_run02.csv,True,,1370,1369,1,0,30,100.0,16.000999999999266,20.0010000000006,0→1→2→3→4→5→6,0,1,800,2.0,0.127,-0.12600000000000003
E3_C2A_I800_M2000g_S10mm_run03.csv,True,,1344,1343,1,0,30,99.92548435171386,16.000999999999266,816.0000000000002,0→1→2→3→4→5→6,0,1,800,2.0,0.109,-0.09999999999999999
E3_C2A_I800_M2000g_S10mm_run04.csv,True,,1338,1337,1,0,30,100.0,16.000999999999266,20.0010000000006,0→1→2→3→4→5→6,0,1,800,2.0,-0.07400000000000001,-0.232
E3_C2A_I800_M2000g_S10mm_run05.csv,True,,1312,1311,1,0,30,99.9236641221374,16.000999999999266,1440.0,0→1→2→3→4→5→6,0,1,800,2.0,0.5549999999999999,-0.13200000000000006
E3_C2A_SA_I2400_M2000g_S10mm_run01.csv,True,,1398,1397,1,0,30,100.0,16.000999999999266,20.0010000000006,0→1→2→3→4→5→6,0,2,2400,2.0,-0.9195,0.005000000000000013
E3_C2A_SA_I2400_M2000g_S10mm_run02.csv,True,,1403,1403,0,0,30,100.0,16.000999999999266,20.0010000000006,0→1→2→3→4→5→6,0,2,2400,2.0,-0.7000000000000001,0.021999999999999992
E3_C2A_SA_I2400_M2000g_S10mm_run03.csv,True,,1392,1391,1,0,30,100.0,16.000999999999266,20.0010000000006,0→1→2→3→4→5→6,0,2,2400,2.0,0.877,-0.098
E3_C2A_SA_I2400_M2000g_S10mm_run04.csv,True,,1401,1400,1,0,30,100.0,16.000999999999266,20.0010000000006,0→1→2→3→4→5→6,0,2,2400,2.0,-0.8634999999999999,0.151
E3_C2A_SA_I2400_M2000g_S10mm_run05.csv,True,,1407,1406,1,0,30,100.0,16.000999999999266,20.0010000000006,0→1→2→3→4→5→6,0,2,2400,2.0,-0.057499999999999996,-0.165
E3_C2A_SA_I800_M2000g_S10mm_run01.csv,True,,1375,1374,1,0,30,100.0,16.000999999999266,20.0010000000006,0→1→2→3→4→5→6,0,2,800,2.0,-0.07999999999999999,0.022000000000000006
E3_C2A_SA_I800_M2000g_S10mm_run02.csv,True,,1360,1359,1,0,30,99.92636229749633,16.000999999999266,32.00099999999928,0→1→2→3→4→5→6,0,2,800,2.0,-0.909,0.19999999999999987
E3_C2A_SA_I800_M2000g_S10mm_run03.csv,True,,1372,1371,1,0,30,100.0,16.000999999999266,20.0010000000006,0→1→2→3→4→5→6,0,2,800,2.0,-0.0005,-0.003
E3_C2A_SA_I800_M2000g_S10mm_run04.csv,True,,1380,1379,1,0,30,99.92743105950653,16.000999999999266,32.00199999999853,0→1→2→3→4→5→6,0,2,800,2.0,0.801,0.003999999999999989
E3_C2A_SA_I800_M2000g_S10mm_run05.csv,True,,1327,1326,1,0,30,100.0,16.000999999999266,20.0010000000006,0→1→2→3→4→5→6,0,2,800,2.0,-0.221,-0.014000000000000016
E3_C2B_I2400_M2000g_S10mm_run01.csv,True,,1382,1381,1,0,30,100.0,16.000999999999266,20.0010000000006,0→1→2→3→4→5→6,0,3,2400,2.0,-0.34500000000000003,-0.08599999999999998
E3_C2B_I2400_M2000g_S10mm_run02.csv,True,,1422,1422,0,0,30,99.92962702322308,16.000999999999266,36.000000000001364,0→1→2→3→4→5→6,0,3,2400,2.0,-0.4645,0.233
E3_C2B_I2400_M2000g_S10mm_run03.csv,True,,1381,1380,1,0,30,100.0,16.000999999999266,20.0010000000006,0→1→2→3→4→5→6,0,3,2400,2.0,0.14100000000000001,-0.084
E3_C2B_I2400_M2000g_S10mm_run04.csv,True,,1393,1392,1,0,30,100.0,16.000999999999266,20.0010000000006,0→1→2→3→4→5→6,0,3,2400,2.0,-0.8045,0.17099999999999993
E3_C2B_I2400_M2000g_S10mm_run05.csv,True,,1402,1401,1,0,30,99.92857142857143,16.000999999999266,32.00099999999928,0→1→2→3→4→5→6,0,3,2400,2.0,-0.5614999999999999,0.011000000000000051
E3_C2B_I800_M2000g_S10mm_run01.csv,True,,1404,1404,0,0,30,100.0,16.000999999999266,20.0010000000006,0→1→2→3→4→5→6,0,3,800,2.0,0.507,-0.14199999999999993
E3_C2B_I800_M2000g_S10mm_run02.csv,True,,1387,1386,1,0,30,100.0,16.000999999999266,20.0010000000006,0→1→2→3→4→5→6,0,3,800,2.0,-0.19349999999999998,0.17900000000000002
E3_C2B_I800_M2000g_S10mm_run03.csv,True,,1373,1373,0,0,30,100.0,16.000999999999266,20.0010000000006,0→1→2→3→4→5→6,0,3,800,2.0,-0.793,0.10400000000000004
E3_C2B_I800_M2000g_S10mm_run04.csv,True,,1385,1385,0,0,30,100.0,16.000999999999266,20.0010000000006,0→1→2→3→4→5→6,0,3,800,2.0,-0.1175,0.24899999999999997
E3_C2B_I800_M2000g_S10mm_run05.csv,True,,1369,1368,1,0,30,100.0,16.000999999999266,20.0010000000006,0→1→2→3→4→5→6,0,3,800,2.0,0.2635,-0.055000000000000035
E3_C2B_SA_I2400_M2000g_S10mm_run01.csv,True,,1400,1400,0,0,30,100.0,16.000999999999266,20.0010000000006,0→1→2→3→4→5→6,0,4,2400,2.0,0.7150000000000001,0.098
E3_C2B_SA_I2400_M2000g_S10mm_run02.csv,True,,1415,1414,1,0,30,99.92922859164898,16.000999999999266,32.00099999999928,0→1→2→3→4→5→6,0,4,2400,2.0,-0.692,0.24600000000000002
E3_C2B_SA_I2400_M2000g_S10mm_run03.csv,True,,1396,1396,0,0,30,99.92831541218638,16.000999999999266,35.99999999999959,0→1→2→3→4→5→6,0,4,2400,2.0,-0.823,0.09999999999999994
E3_C2B_SA_I2400_M2000g_S10mm_run04.csv,True,,1488,1487,1,0,30,99.93270524899059,16.000999999999266,32.00000000000003,0→1→2→3→4→5→6,0,4,2400,2.0,-0.5599999999999999,-0.12
E3_C2B_SA_I2400_M2000g_S10mm_run05.csv,True,,1502,1501,1,0,30,99.86666666666667,16.000999999999266,207.99999999999997,0→1→2→3→4→5→6,0,4,2400,2.0,0.115,0.10599999999999998
E3_C2B_SA_I800_M2000g_S10mm_run01.csv,True,,1425,1424,1,0,30,99.9297259311314,16.000999999999266,1004.0,0→1→2→3→4→5→6,0,4,800,2.0,0.0010000000000000002,0.009999999999999998
E3_C2B_SA_I800_M2000g_S10mm_run02.csv,True,,1382,1382,0,0,30,100.0,16.000999999999266,20.0010000000006,0→1→2→3→4→5→6,0,4,800,2.0,-0.0625,0.09099999999999998
E3_C2B_SA_I800_M2000g_S10mm_run03.csv,True,,1391,1390,1,0,30,100.0,16.000999999999266,20.0010000000006,0→1→2→3→4→5→6,0,4,800,2.0,0.3425,0.06100000000000002
E3_C2B_SA_I800_M2000g_S10mm_run04.csv,True,,1366,1365,1,0,30,100.0,16.000999999999266,20.0010000000006,0→1→2→3→4→5→6,0,4,800,2.0,0.0004999999999999999,0.013000000000000001
E3_C2B_SA_I800_M2000g_S10mm_run05.csv,True,,1401,1400,1,0,30,100.0,16.000999999999266,20.0010000000006,0→1→2→3→4→5→6,0,4,800,2.0,0.23349999999999999,-0.0009999999999999972
