k_aw,lambda_aw,rmse_yG,iae_yG,max_sync,rmse_sync,iae_sync,max_alpha,max_sigma,int_sigma,tv_iR,tv_iR_ideal,int_delta_i,sat_ratio,max_abs_delta,max_delta_norm,overshoot_yG,post_sat_max_sync,t_recovery
0,2,108.921600425777,273.561762920055,0.773379297869338,0.502038237828839,1.43732454761416,1.2889654964489,6.55132870038943,8.2081581651441,9435.62744458726,69857.8843617539,27567.7989872887,57.3264781491003,11500,16263.4559672906,0,0.526686501803875,0.827
0,5,108.921600425777,273.561762920055,0.773379297869338,0.502038237828839,1.43732454761416,1.2889654964489,6.55132870038943,8.2081581651441,9435.62744458726,69857.8843617539,27567.7989872887,57.3264781491003,11500,16263.4559672906,0,0.526686501803875,0.827
0,10,108.921600425777,273.561762920055,0.773379297869338,0.502038237828839,1.43732454761416,1.2889654964489,6.55132870038943,8.2081581651441,9435.62744458726,69857.8843617539,27567.7989872887,57.3264781491003,11500,16263.4559672906,0,0.526686501803875,0.827
0,20,108.921600425777,273.561762920055,0.773379297869338,0.502038237828839,1.43732454761416,1.2889654964489,6.55132870038943,8.2081581651441,9435.62744458726,69857.8843617539,27567.7989872887,57.3264781491003,11500,16263.4559672906,0,0.526686501803875,0.827
0,40,108.921600425777,273.561762920055,0.773379297869338,0.502038237828839,1.43732454761416,1.2889654964489,6.55132870038943,8.2081581651441,9435.62744458726,69857.8843617539,27567.7989872887,57.3264781491003,11500,16263.4559672906,0,0.526686501803875,0.827
1,2,110.437772237619,289.447494092702,0.773379297869338,0.498665043678904,1.4746712756046,1.2889654964489,6.55132870038943,8.68502072947421,10548.1426604516,59383.5666785565,25777.2876705614,55.4984290202799,11500,16263.4559672906,0,0.644304986770372,1.35
1,5,109.204102634198,276.087094346421,0.773379297869338,0.500560066104121,1.44011712699676,1.2889654964489,6.55132870038943,8.28390815728179,10561.2762397159,65477.6286427681,26690.8318437531,56.4410168523279,11500,16263.4559672906,0,0.64355615342726,0.913
1,10,108.986309255782,274.057676434161,0.773379297869338,0.501434085277614,1.4367177055575,1.2889654964489,6.55132870038943,8.22303531266185,10304.8721417444,67655.6184753574,27080.1965785302,56.9265924021708,11500,16263.4559672906,0,0.516497601644961,0.841
1,20,108.933225954706,273.640179844222,0.773379297869338,0.501876070533528,1.43702257314629,1.2889654964489,6.55132870038943,8.21051059274323,9709.65030016495,68745.446274699,27310.6589424929,57.212225078549,11500,16263.4559672906,0,0.522657216042166,0.83
1,40,108.923339734402,273.572566070675,0.773379297869338,0.502009397547071,1.43726833154103,1.2889654964489,6.55132870038943,8.20848224319141,9498.71920873299,69291.5707312459,27437.2191159237,57.3264781491003,11500,16263.4559672906,0,0.524584384574922,0.827
2,2,112.281532233837,303.654796409896,0.773379297869338,0.496513925497131,1.48821570873462,1.2889654964489,6.55132870038943,9.11305026732345,9477.48658824111,48201.704822401,23226.0204343199,54.1273921736647,11500,16263.4559672906,0,0.646712492653245,1.541
2,5,109.478786371102,278.288090803024,0.773379297869338,0.499516509929484,1.44306252419062,1.2889654964489,6.55132870038943,8.34993615847082,10692.4119517509,61032.5793316638,25619.8761687751,55.9840045701228,11500,16263.4559672906,0,0.644025088659239,0.962
2,10,109.047539908973,274.505719835769,0.773379297869338,0.501062013264967,1.43695527982742,1.2889654964489,6.55132870038943,8.23647646601005,10533.4412302123,65447.0770639417,26539.7243399145,56.583833190517,11500,16263.4559672906,0,0.642311304807519,0.873
2,20,108.94393394093,273.711461321077,0.773379297869338,0.501740681681399,1.43679639353043,1.2889654964489,6.55132870038943,8.21264897021381,9927.52607556075,67644.1655089026,27039.6086806248,57.1265352756355,11500,16263.4559672906,0,0.516737495270148,0.832
2,40,108.924995825594,273.582810547035,0.773379297869338,0.501983859569227,1.43722255483318,1.2889654964489,6.55132870038943,8.20878956252159,9553.98746351655,68727.9494187468,27303.1417066336,57.2979148814624,11500,16263.4559672906,0,0.522741270784222,0.827
5,2,115.395742366394,321.383223335333,0.773379297869338,0.496031765333679,1.51447194395248,1.2889654964489,6.55132870038943,9.64865619811777,9523.04591359828,32690.7684231848,14871.9451420923,51.7852042273636,9593.36361275943,13330.0050145992,0,0.65201101821355,1.623
5,5,110.10737008598,282.64731589689,0.773379297869338,0.497743428598717,1.44957177359631,1.2889654964489,6.55132870038943,8.48071286288664,10877.4988311903,47818.1090341526,21657.1835733113,54.8414738646101,11500,16263.4559672906,0,0.648454601353876,1.055
5,10,109.189483073824,275.489083460413,0.773379297869338,0.500293709387929,1.43765948307898,1.2889654964489,6.55132870038943,8.2659770784158,10662.3195938283,58694.1825740552,24690.051814662,56.1553841759497,11500,16263.4559672906,0,0.644280745241366,0.898
5,20,108.970765811239,273.886487925941,0.773379297869338,0.501443911900144,1.43638768207882,1.2889654964489,6.55132870038943,8.21789962124548,10356.9636686651,64267.5154817472,26162.4257343277,56.8409025992574,11500,16263.4559672906,0,0.513482899001438,0.838
5,40,108.929371030304,273.609753325341,0.773379297869338,0.501918579881644,1.43711053699922,1.2889654964489,6.55132870038943,8.20959780775159,9687.01379676031,67042.2609578191,26882.9159199619,57.2407883461868,11500,16263.4559672906,0,0.521642301724023,0.829
10,2,116.895337280385,328.300179099243,0.773379297869338,0.494375583483887,1.51408748798729,1.2889654964489,6.55132870038943,9.85744197596378,9519.24354522726,25330.9363580338,8876.14077403129,50.2713510425593,5742.88482045284,7983.34872344672,0,0.653622641716423,1.676
10,5,110.509147755607,285.031882119237,0.773379297869338,0.496889349583894,1.45333317590029,1.2889654964489,6.55132870038943,8.55225042995423,10926.0559848059,34400.6202155916,15089.790548497,53.9560125678378,10091.4256622691,13995.1323204495,0,0.650043998394967,1.109
10,10,109.315732530022,276.301946756127,0.773379297869338,0.499677548103223,1.43830046345148,1.2889654964489,6.55132870038943,8.29036274269654,10747.3073339031,47322.7448060342,21201.7002283965,55.6698086261068,11500,16263.4559672906,0,0.649042461706939,0.923
10,20,109.001641327796,274.082130845603,0.773379297869338,0.501192575496874,1.43630546166371,1.2889654964489,6.55132870038943,8.22376878123657,10567.5872256063,58603.0644793095,24559.1060946193,56.4981433876035,11500,16263.4559672906,0,0.644982335126665,0.87
10,40,108.935214535164,273.645410099955,0.773379297869338,0.501837838517528,1.43698572436374,1.2889654964489,6.55132870038943,8.21066746263892,9831.65342884201,64223.7133244638,26135.4596968465,57.1265352756355,11500,16263.4559672906,0,0.519367495802836,0.83
20,2,117.649355824954,331.452934068809,0.773379297869338,0.4931559048204,1.51169773521558,1.2889654964489,6.55132870038943,9.9525530926308,9513.54162585136,19541.4872028065,4894.06644702064,49.1002570694087,3307.75147900242,4602.33623302674,0,0.653973489443738,1.717
20,5,110.729127977045,286.212518823964,0.773379297869338,0.496256966993934,1.45396253516646,1.2889654964489,6.55132870038943,8.58766967373997,10935.406032807,26364.9057301342,9095.78470529455,53.2419308768923,6133.63851850054,8508.47368740322,0,0.652155265099541,1.144
20,10,109.408487307305,276.860521488364,0.773379297869338,0.499207522598533,1.43850236942885,1.2889654964489,6.55132870038943,8.30711979935517,10787.6831508785,33302.7139467108,14617.7939282033,55.2413596115396,9763.34339136642,13531.2473342019,0,0.649949317956811,0.943
20,20,109.03367584188,274.278997857123,0.773379297869338,0.500941305665679,1.43623587335365,1.2889654964489,6.55132870038943,8.22967466315309,10622.1797806995,47178.4208108524,21058.6440874861,56.269637246501,11500,16263.4559672906,0,0.64739489168808,0.88
20,40,108.943184957424,273.693495825757,0.773379297869338,0.501740033842732,1.43686973332286,1.2889654964489,6.55132870038943,8.21210997387453,9978.04161602178,58532.7294002186,24522.502508068,57.0408454727221,11500,16263.4559672906,0,0.512865774617843,0.83
