GroupName,Imax,Controller,RMSE_yG_mm,IAE_yG,Max_Sync_mm,Max_Sync_Fwd_mm,Max_Sync_Rev_mm,IAE_sync,Overshoot_Fwd_mm,Overshoot_Rev_mm,Settle_Fwd_s,Settle_Rev_s,Sat_Ratio_Alloc_pct,Sat_Ratio_Ext_pct,Sat_Ratio_Tot_pct,Int_Delta_Alloc,Int_Delta_Ext,Int_Delta_Tot,Max_Delta_Talpha_Nm,TV_iR
Group 1: 充裕电流限幅 (Imax = 16000),16000.0,C0 (独立级联 PID),152.0798,788.4305,1.2529,1.2529,1.2426,3.0483,1.4107,1.4107,2.9820,6.4810,0.00,0.00,0.00,0.0,0.0,0.0,NaN,47620.3
Group 1: 充裕电流限幅 (Imax = 16000),16000.0,C1 (传统交叉耦合 CCC),152.8085,792.0600,1.1833,1.1833,1.1735,2.8560,1.4082,1.4082,2.9850,6.4840,0.00,0.00,0.00,0.0,0.0,0.0,NaN,47949.9
Group 1: 充裕电流限幅 (Imax = 16000),16000.0,C2a (误差面鲁棒 - 独立截断),1.0891,5.3682,0.5092,0.5084,0.5092,1.2843,0.1298,0.1298,2.0300,5.5300,0.00,0.00,0.00,0.0,0.0,0.0,0.0000,36311.2
Group 1: 充裕电流限幅 (Imax = 16000),16000.0,C2a-SyncAlloc (误差面鲁棒 - 同步优先分配),1.0891,5.3682,0.5092,0.5084,0.5092,1.2843,0.1298,0.1298,2.0300,5.5300,0.00,0.00,0.00,0.0,0.0,0.0,0.0000,36311.2
Group 1: 充裕电流限幅 (Imax = 16000),16000.0,C2b (动态抗饱和 - 独立截断),1.0891,5.3682,0.5092,0.5084,0.5092,1.2843,0.1298,0.1298,2.0300,5.5300,0.00,0.00,0.00,0.0,0.0,0.0,0.0000,36311.2
Group 1: 充裕电流限幅 (Imax = 16000),16000.0,C2b-SyncAlloc (动态抗饱和 - 同步优先分配),1.0891,5.3682,0.5092,0.5084,0.5092,1.2843,0.1298,0.1298,2.0300,5.5300,0.00,0.00,0.00,0.0,0.0,0.0,0.0000,36311.2
Group 2: 严格电流限幅 (Imax = 4500),4500.0,C0 (独立级联 PID),225.6821,1240.7223,0.7069,0.7069,0.7069,3.2218,1.4107,1.4107,3.4000,6.9000,0.00,46.41,46.41,0.0,41776.1,65291.0,NaN,30976.2
Group 2: 严格电流限幅 (Imax = 4500),4500.0,C1 (传统交叉耦合 CCC),226.5872,1246.2571,0.7108,0.7107,0.7108,3.1467,1.4082,1.4082,3.4040,6.9050,0.00,46.51,46.51,0.0,41731.2,65440.2,NaN,31014.9
Group 2: 严格电流限幅 (Imax = 4500),4500.0,C2a (误差面鲁棒 - 独立截断),108.9295,547.1242,0.7734,0.7734,0.7734,2.8746,0.0000,0.0000,2.9070,6.4070,0.00,57.33,57.33,0.0,55137.7,86583.1,3.6162,20377.4
Group 2: 严格电流限幅 (Imax = 4500),4500.0,C2a-SyncAlloc (误差面鲁棒 - 同步优先分配),148.7761,771.4995,0.2931,0.2931,0.2930,1.4568,0.0000,0.0000,3.1120,6.6120,64.08,0.00,64.08,121436.6,0.0,121436.6,0.0000,16489.8
Group 2: 严格电流限幅 (Imax = 4500),4500.0,C2b (动态抗饱和 - 独立截断),109.0416,548.5587,0.7734,0.7734,0.7734,2.8725,0.0000,0.0000,2.9140,6.4140,0.00,56.28,56.28,0.0,42118.4,44716.1,2.3258,22750.6
Group 2: 严格电流限幅 (Imax = 4500),4500.0,C2b-SyncAlloc (动态抗饱和 - 同步优先分配),148.8106,772.2185,0.2931,0.2931,0.2930,1.4574,0.0000,0.0000,3.1160,6.6160,63.38,0.00,63.38,60777.9,0.0,60777.9,0.0000,16489.6
