GroupName,Imax,Controller,RMSE_yG_mm,IAE_yG,Max_Sync_mm,RMSE_Sync_mm,IAE_sync,Max_Alpha_mrad,Sat_Ratio_Ext_pct,Sat_Ratio_Tot_pct,Max_Delta_Ext_Norm,Int_Delta_Ext,Max_Delta_Tot_Norm,Int_Delta_Tot,TV_iR,Max_Sigma,Settle_Ts_s
Group 1: 充裕电流限幅 (Imax = 16000),16000.0,C0 (独立级联 PID),152.6295,395.5744,1.2529,0.5494,1.5300,2.0881,0.00,0.00,0.0,0.0,0.0,0.0,23857.3,NaN,2.9820
Group 1: 充裕电流限幅 (Imax = 16000),16000.0,C1 (传统交叉耦合 CCC),153.3736,397.4254,1.1833,0.5163,1.4332,1.9722,0.00,0.00,0.0,0.0,0.0,0.0,24052.3,NaN,2.9850
Group 1: 充裕电流限幅 (Imax = 16000),16000.0,C2a-noFF (误差面鲁棒 - 无前馈消融),25.7386,71.0860,0.3196,0.1723,0.4874,0.5326,0.00,0.00,0.0,0.0,0.0,0.0,17975.9,1.2088,3.1750
Group 1: 充裕电流限幅 (Imax = 16000),16000.0,C2a (误差面鲁棒 - 名义前馈),1.0911,2.6880,0.5084,0.2547,0.6421,0.8474,0.00,0.00,0.0,0.0,0.0,0.0,17392.5,0.0741,2.0300
Group 1: 充裕电流限幅 (Imax = 16000),16000.0,C2b (动态抗饱和鲁棒 - 提出),1.0911,2.6880,0.5084,0.2547,0.6421,0.8474,0.00,0.00,0.0,0.0,0.0,0.0,17392.5,0.0741,2.0300
Group 2: 严格电流限幅 (Imax = 4500),4500.0,C0 (独立级联 PID),225.5970,620.1203,0.7069,0.5149,1.6164,1.1782,46.39,46.39,16263.5,20888.0,33924.2,32634.3,15798.7,NaN,3.4000
Group 2: 严格电流限幅 (Imax = 4500),4500.0,C1 (传统交叉耦合 CCC),226.4623,622.7655,0.7107,0.5070,1.5787,1.1846,46.50,46.50,16263.5,20865.6,34066.5,32702.8,15819.1,NaN,3.4040
Group 2: 严格电流限幅 (Imax = 4500),4500.0,C2a-noFF (误差面鲁棒 - 无前馈消融),124.4724,335.7564,0.7603,0.4883,1.3814,1.2671,55.24,55.24,16263.5,26727.1,37303.2,40624.0,7644.3,7.1812,-1.0000
Group 2: 严格电流限幅 (Imax = 4500),4500.0,C2a (误差面鲁棒 - 名义前馈),108.9216,273.5618,0.7734,0.5020,1.4373,1.2890,57.33,57.33,16263.5,27567.8,39201.9,43290.4,9435.6,6.5513,2.9070
Group 2: 严格电流限幅 (Imax = 4500),4500.0,C2b (动态抗饱和鲁棒 - 提出),109.0337,274.2790,0.7734,0.5009,1.4362,1.2890,56.27,56.27,16263.5,21058.6,22945.4,22357.5,10622.2,6.5513,2.9140
