Dimension,SweepParameter,Imax,Controller,Max_Sync_mm,RMSE_sync_mm,RMSE_yG_mm,Overshoot_Fwd_mm,Overshoot_Rev_mm,Settle_Fwd_s,Settle_Rev_s,Int_Delta_Alloc,Int_Delta_Ext,Int_Delta_Tot,Max_Delta_FG_N,Max_Delta_Talpha_Phys_Nm,Max_Delta_Talpha_Model_Nm,Max_z_aw_norm,TV_iL,TV_iR,TV_total,Fwd_Rev_Samples,Rev_Rev_Samples,V_Switch_mps,Omega_Switch_radps
Dim1A_EccentricMass,dm=0.0kg,4500.0,C2a (独立截断),0.6548,0.4793,101.1572,0.0000,0.0000,2.9070,2.9070,0.0,53087.6,79628.8,327.2930,3.2783,3.2783,0.0000,22361.6,22376.7,44738.3,0,0,NaN,NaN
Dim1A_EccentricMass,dm=0.0kg,4500.0,C2a-SyncAlloc (同步优先),0.2725,0.2245,138.5728,0.0000,0.0000,3.1010,3.1010,111666.2,0.0,111666.2,430.5215,0.0000,0.0000,0.0000,14706.9,16487.9,31194.8,0,0,NaN,NaN
Dim1A_EccentricMass,dm=0.0kg,4500.0,C2b (独立截断),0.6548,0.4788,101.2778,0.0000,0.0000,2.9140,2.9140,0.0,39269.8,40611.8,184.7762,2.2850,2.2850,16261.4678,22447.1,22455.2,44902.3,0,0,NaN,NaN
Dim1A_EccentricMass,dm=0.0kg,4500.0,C2b-SyncAlloc (提出复合方案),0.2725,0.2245,138.6108,0.0000,0.0000,3.1050,3.1050,55892.6,0.0,55892.6,218.3372,0.0000,0.0000,24221.6899,14706.6,16487.6,31194.2,0,0,NaN,NaN
Dim1A_EccentricMass,dm=1.5kg,4500.0,C2a (独立截断),0.6548,0.4884,104.7707,0.0000,0.0000,2.9070,2.9070,0.0,54094.5,82871.4,334.8550,3.4997,3.4997,0.0000,22329.0,22229.0,44558.0,0,0,NaN,NaN
Dim1A_EccentricMass,dm=1.5kg,4500.0,C2a-SyncAlloc (同步优先),0.2725,0.2255,143.1788,0.0000,0.0000,3.1050,3.1050,116086.1,0.0,116086.1,439.5418,0.0000,0.0000,0.0000,14135.0,16489.0,30623.9,0,0,NaN,NaN
Dim1A_EccentricMass,dm=1.5kg,4500.0,C2b (独立截断),0.6548,0.4876,104.8892,0.0000,0.0000,2.9130,2.9130,0.0,40628.0,42500.6,192.3182,2.3396,2.3396,16262.8195,22434.4,22577.2,45011.7,0,0,NaN,NaN
Dim1A_EccentricMass,dm=1.5kg,4500.0,C2b-SyncAlloc (提出复合方案),0.2725,0.2254,143.2150,0.0000,0.0000,3.1080,3.1090,58102.6,0.0,58102.6,222.8472,0.0000,0.0000,24736.2765,14134.7,16488.7,30623.4,0,0,NaN,NaN
Dim1A_EccentricMass,dm=3.0kg,4500.0,C2a (独立截断),0.7734,0.5021,108.9295,0.0000,0.0000,2.9070,2.9070,0.0,55137.7,86583.1,343.5333,3.6162,3.6162,0.0000,20407.1,20377.4,40784.6,0,0,NaN,NaN
Dim1A_EccentricMass,dm=3.0kg,4500.0,C2a-SyncAlloc (同步优先),0.2931,0.2289,148.7761,0.0000,0.0000,3.1120,3.1120,121436.6,0.0,121436.6,450.4852,0.0000,0.0000,0.0000,14065.6,16489.8,30555.4,0,0,NaN,NaN
Dim1A_EccentricMass,dm=3.0kg,4500.0,C2b (独立截断),0.7734,0.5010,109.0416,0.0000,0.0000,2.9140,2.9140,0.0,42118.4,44716.1,200.9871,2.3258,2.3258,16263.2760,22424.4,22750.6,45175.0,0,0,NaN,NaN
Dim1A_EccentricMass,dm=3.0kg,4500.0,C2b-SyncAlloc (提出复合方案),0.2931,0.2287,148.8106,0.0000,0.0000,3.1160,3.1160,60777.9,0.0,60777.9,228.3187,0.0000,0.0000,25360.5814,14065.4,16489.6,30555.0,0,0,NaN,NaN
Dim1A_EccentricMass,dm=4.5kg,4500.0,C2a (独立截断),0.9198,0.5206,113.5981,0.0000,0.0000,2.9090,2.9090,0.0,56174.2,90731.4,353.2464,3.6961,3.6961,0.0000,18605.1,16762.6,35367.7,0,0,NaN,NaN
Dim1A_EccentricMass,dm=4.5kg,4500.0,C2a-SyncAlloc (同步优先),0.3399,0.2344,155.2273,0.0000,0.0000,3.1220,3.1220,127581.0,0.0,127581.0,463.0923,0.0000,0.0000,0.0000,14066.2,16490.7,30556.9,0,0,NaN,NaN
Dim1A_EccentricMass,dm=4.5kg,4500.0,C2b (独立截断),0.9198,0.5187,113.6945,0.0000,0.0000,2.9150,2.9150,0.0,43700.9,47255.7,210.6963,2.3053,2.3053,16263.4124,21362.8,22188.8,43551.6,0,0,NaN,NaN
Dim1A_EccentricMass,dm=4.5kg,4500.0,C2b-SyncAlloc (提出复合方案),0.3399,0.2342,155.2599,0.0000,0.0000,3.1260,3.1260,63850.1,0.0,63850.1,234.6221,0.0000,0.0000,26079.7715,14066.0,16490.5,30556.6,0,0,NaN,NaN
Dim1A_EccentricMass,dm=6.0kg,4500.0,C2a (独立截断),1.0752,0.5431,118.5882,0.0000,0.0000,2.9130,2.9130,0.0,57130.6,95139.2,363.6200,3.7716,3.7716,0.0000,16883.8,16493.9,33377.7,0,0,NaN,NaN
Dim1A_EccentricMass,dm=6.0kg,4500.0,C2a-SyncAlloc (同步优先),0.3857,0.2417,162.1017,0.0000,0.0000,3.1330,3.1330,134096.4,0.0,134096.4,476.5584,0.0000,0.0000,0.0000,14078.9,16491.7,30570.6,0,0,NaN,NaN
Dim1A_EccentricMass,dm=6.0kg,4500.0,C2b (独立截断),1.0752,0.5401,118.6658,0.0000,0.0000,2.9180,2.9180,0.0,45294.8,50038.9,221.0686,2.3133,2.3133,16263.4459,19906.6,20600.4,40507.0,0,0,NaN,NaN
Dim1A_EccentricMass,dm=6.0kg,4500.0,C2b-SyncAlloc (提出复合方案),0.3857,0.2413,162.1324,0.0000,0.0000,3.1370,3.1370,67107.8,0.0,67107.8,241.3555,0.0000,0.0000,26847.8995,14078.7,16491.5,30570.3,0,0,NaN,NaN
Dim1B_EccentricDist,d=0.00m,4500.0,C2a (独立截断),0.6548,0.4795,108.2503,0.0000,0.0000,2.9050,2.9050,0.0,54884.8,85900.3,342.1679,3.0133,3.0133,0.0000,21298.9,20300.8,41599.7,0,0,NaN,NaN
Dim1B_EccentricDist,d=0.00m,4500.0,C2a-SyncAlloc (同步优先),0.2725,0.2243,145.3890,0.0000,0.0000,3.1000,3.1000,118150.4,0.0,118150.4,443.8902,0.0000,0.0000,0.0000,14893.9,16489.8,31383.7,0,0,NaN,NaN
Dim1B_EccentricDist,d=0.00m,4500.0,C2b (独立截断),0.6548,0.4787,108.3633,0.0000,0.0000,2.9120,2.9120,0.0,41837.2,44312.6,199.6226,2.2011,2.2011,16263.2381,22408.5,22420.8,44829.3,0,0,NaN,NaN
Dim1B_EccentricDist,d=0.00m,4500.0,C2b-SyncAlloc (提出复合方案),0.2725,0.2243,145.4242,0.0000,0.0000,3.1040,3.1040,59134.7,0.0,59134.7,225.0213,0.0000,0.0000,24984.3448,14893.7,16489.6,31383.2,0,0,NaN,NaN
Dim1B_EccentricDist,d=0.14m,4500.0,C2a (独立截断),0.6548,0.4892,108.5965,0.0000,0.0000,2.9060,2.9060,0.0,55014.1,86248.6,342.8647,3.4085,3.4085,0.0000,20834.0,20365.5,41199.5,0,0,NaN,NaN
Dim1B_EccentricDist,d=0.14m,4500.0,C2a-SyncAlloc (同步优先),0.2725,0.2253,147.0309,0.0000,0.0000,3.1060,3.1060,119742.6,0.0,119742.6,447.0878,0.0000,0.0000,0.0000,14183.5,16489.8,30673.3,0,0,NaN,NaN
Dim1B_EccentricDist,d=0.14m,4500.0,C2b (独立截断),0.6548,0.4882,108.7090,0.0000,0.0000,2.9130,2.9130,0.0,41980.8,44518.3,200.3190,2.2522,2.2522,16263.2583,22416.1,22540.0,44956.1,0,0,NaN,NaN
Dim1B_EccentricDist,d=0.14m,4500.0,C2b-SyncAlloc (提出复合方案),0.2725,0.2252,147.0658,0.0000,0.0000,3.1100,3.1100,59930.8,0.0,59930.8,226.6201,0.0000,0.0000,25166.7648,14183.3,16489.6,30672.9,0,0,NaN,NaN
Dim1B_EccentricDist,d=0.28m,4500.0,C2a (独立截断),0.7734,0.5021,108.9295,0.0000,0.0000,2.9070,2.9070,0.0,55137.7,86583.1,343.5333,3.6162,3.6162,0.0000,20407.1,20377.4,40784.6,0,0,NaN,NaN
Dim1B_EccentricDist,d=0.28m,4500.0,C2a-SyncAlloc (同步优先),0.2931,0.2289,148.7761,0.0000,0.0000,3.1120,3.1120,121436.6,0.0,121436.6,450.4852,0.0000,0.0000,0.0000,14065.6,16489.8,30555.4,0,0,NaN,NaN
Dim1B_EccentricDist,d=0.28m,4500.0,C2b (独立截断),0.7734,0.5010,109.0416,0.0000,0.0000,2.9140,2.9140,0.0,42118.4,44716.1,200.9871,2.3258,2.3258,16263.2760,22424.4,22750.6,45175.0,0,0,NaN,NaN
Dim1B_EccentricDist,d=0.28m,4500.0,C2b-SyncAlloc (提出复合方案),0.2931,0.2287,148.8106,0.0000,0.0000,3.1160,3.1160,60777.9,0.0,60777.9,228.3187,0.0000,0.0000,25360.5814,14065.4,16489.6,30555.0,0,0,NaN,NaN
Dim1B_EccentricDist,d=0.30m,4500.0,C2a (独立截断),0.7983,0.5042,108.9751,0.0000,0.0000,2.9070,2.9070,0.0,55154.5,86628.8,343.6247,3.6327,3.6327,0.0000,20354.8,20371.4,40726.2,0,0,NaN,NaN
Dim1B_EccentricDist,d=0.30m,4500.0,C2a-SyncAlloc (同步优先),0.3008,0.2296,149.0340,0.0000,0.0000,3.1130,3.1130,121687.1,0.0,121687.1,450.9869,0.0000,0.0000,0.0000,14065.6,16489.8,30555.4,0,0,NaN,NaN
Dim1B_EccentricDist,d=0.30m,4500.0,C2b (独立截断),0.7983,0.5031,109.0871,0.0000,0.0000,2.9140,2.9140,0.0,42137.2,44743.2,201.0784,2.3261,2.3261,16263.2778,22425.7,22774.5,45200.2,0,0,NaN,NaN
Dim1B_EccentricDist,d=0.30m,4500.0,C2b-SyncAlloc (提出复合方案),0.3008,0.2295,149.0683,0.0000,0.0000,3.1170,3.1170,60903.1,0.0,60903.1,228.5696,0.0000,0.0000,25389.2037,14065.4,16489.6,30555.0,0,0,NaN,NaN
Dim2_FrictionAsym,fric=0%,4500.0,C2a (独立截断),0.3359,0.0885,41.2986,0.0094,0.0094,2.3830,2.3830,0.0,35023.0,35023.0,131.5877,2.3267,2.3267,0.0000,23739.4,24792.2,48531.6,29,29,NaN,NaN
Dim2_FrictionAsym,fric=0%,4500.0,C2a-SyncAlloc (同步优先),0.2233,0.0663,45.1699,0.0094,0.0094,2.4100,2.4100,38114.0,0.0,38114.0,140.6224,0.0000,0.0000,0.0000,23699.6,24775.7,48475.2,28,28,NaN,NaN
Dim2_FrictionAsym,fric=0%,4500.0,C2b (独立截断),0.3359,0.0878,41.3849,0.0094,0.0094,2.3930,2.3930,0.0,17602.8,17602.8,66.3274,1.6316,1.6316,7447.8374,23658.3,24705.7,48363.9,28,28,NaN,NaN
Dim2_FrictionAsym,fric=0%,4500.0,C2b-SyncAlloc (提出复合方案),0.2185,0.0653,45.2572,0.0094,0.0094,2.4200,2.4200,19145.5,0.0,19145.5,70.8450,0.0000,0.0000,7963.1852,23604.8,24671.1,48276.0,28,28,NaN,NaN
Dim2_FrictionAsym,fric=15%,4500.0,C2a (独立截断),0.5654,0.2760,75.0263,0.0000,0.0000,2.6860,2.6860,0.0,49138.4,60399.5,243.5393,3.2042,3.2042,0.0000,22550.6,23649.6,46200.3,0,0,NaN,NaN
Dim2_FrictionAsym,fric=15%,4500.0,C2a-SyncAlloc (同步优先),0.2213,0.1232,96.9847,0.0000,0.0000,2.8040,2.8040,78255.8,0.0,78255.8,309.4208,0.0000,0.0000,0.0000,21085.6,22863.5,43949.1,0,0,NaN,NaN
Dim2_FrictionAsym,fric=15%,4500.0,C2b (独立截断),0.5654,0.2753,75.1336,0.0000,0.0000,2.6940,2.6940,0.0,30311.7,30311.7,123.2416,2.1261,2.1261,13733.8263,22518.0,23452.8,45970.9,0,0,NaN,NaN
Dim2_FrictionAsym,fric=15%,4500.0,C2b-SyncAlloc (提出复合方案),0.2213,0.1229,97.0965,0.0000,0.0000,2.8110,2.8110,39244.8,0.0,39244.8,156.6542,0.0000,0.0000,17437.6818,21113.3,23014.2,44127.6,0,0,NaN,NaN
Dim2_FrictionAsym,fric=30%,4500.0,C2a (独立截断),0.7734,0.5021,108.9295,0.0000,0.0000,2.9070,2.9070,0.0,55137.7,86583.1,343.5333,3.6162,3.6162,0.0000,20407.1,20377.4,40784.6,0,0,NaN,NaN
Dim2_FrictionAsym,fric=30%,4500.0,C2a-SyncAlloc (同步优先),0.2931,0.2289,148.7761,0.0000,0.0000,3.1120,3.1120,121436.6,0.0,121436.6,450.4852,0.0000,0.0000,0.0000,14065.6,16489.8,30555.4,0,0,NaN,NaN
Dim2_FrictionAsym,fric=30%,4500.0,C2b (独立截断),0.7734,0.5010,109.0416,0.0000,0.0000,2.9140,2.9140,0.0,42118.4,44716.1,200.9871,2.3258,2.3258,16263.2760,22424.4,22750.6,45175.0,0,0,NaN,NaN
Dim2_FrictionAsym,fric=30%,4500.0,C2b-SyncAlloc (提出复合方案),0.2931,0.2287,148.8106,0.0000,0.0000,3.1160,3.1160,60777.9,0.0,60777.9,228.3187,0.0000,0.0000,25360.5814,14065.4,16489.6,30555.0,0,0,NaN,NaN
Dim2_FrictionAsym,fric=50%,4500.0,C2a (独立截断),1.0202,0.8123,154.2991,0.0000,0.0000,3.2070,3.2070,0.0,63518.7,124507.9,461.0300,3.8375,3.8375,0.0000,16457.3,16443.9,32901.1,0,1,NaN,NaN
Dim2_FrictionAsym,fric=50%,4500.0,C2a-SyncAlloc (同步优先),0.4182,0.3791,219.6266,0.0000,0.0000,NaN,NaN,189982.7,0.0,189982.7,610.3717,0.0000,0.0000,0.0000,11794.7,14624.7,26419.4,0,24,NaN,NaN
Dim2_FrictionAsym,fric=50%,4500.0,C2b (独立截断),1.0202,0.8110,154.3330,0.0000,0.0000,3.2110,3.2110,0.0,52831.8,71819.7,318.4798,2.4934,2.4934,16263.4560,16455.6,16441.7,32897.3,0,1,NaN,NaN
Dim2_FrictionAsym,fric=50%,4500.0,C2b-SyncAlloc (提出复合方案),0.4182,0.3789,219.6809,0.0000,0.0000,NaN,NaN,95061.4,0.0,95061.4,309.5213,0.0000,0.0000,34357.7535,11789.8,14620.3,26410.0,0,24,NaN,NaN
Dim2_FrictionAsym,fric=70%,4500.0,C2a (独立截断),1.3016,1.1200,200.6310,0.0000,0.0000,NaN,NaN,0.0,73517.8,167737.3,565.2233,4.1125,4.1125,0.0000,15214.1,14594.5,29808.7,0,16,NaN,NaN
Dim2_FrictionAsym,fric=70%,4500.0,C2a-SyncAlloc (同步优先),0.5507,0.5289,282.3550,0.0000,0.0000,NaN,NaN,260173.9,0.0,260173.9,728.5076,0.0000,0.0000,0.0000,10666.0,13949.4,24615.4,0,93,NaN,NaN
Dim2_FrictionAsym,fric=70%,4500.0,C2b (独立截断),1.3016,1.1183,200.6719,0.0000,0.0000,NaN,NaN,0.0,63359.3,104528.5,422.7420,2.5435,2.5435,16263.4560,15208.9,14576.3,29785.2,0,16,NaN,NaN
Dim2_FrictionAsym,fric=70%,4500.0,C2b-SyncAlloc (提出复合方案),0.5507,0.5287,282.2682,0.0000,0.0000,NaN,NaN,130072.9,0.0,130072.9,369.4580,0.0000,0.0000,40986.9347,10656.6,13935.7,24592.3,0,94,NaN,NaN
Dim3_ImaxEscalation,Imax=3500,3500.0,C2a (独立截断),0.6422,0.4850,267.2690,0.0000,0.0000,NaN,NaN,0.0,97134.5,246611.9,702.1778,4.0927,4.0927,0.0000,11231.2,10716.9,21948.1,0,61,NaN,NaN
Dim3_ImaxEscalation,Imax=3500,3500.0,C2a-SyncAlloc (同步优先),0.2234,0.2077,307.3758,0.0000,0.0000,NaN,NaN,297257.0,0.0,297257.0,790.2189,0.0000,0.0000,0.0000,8698.4,10002.0,18700.4,0,160,NaN,NaN
Dim3_ImaxEscalation,Imax=3500,3500.0,C2b (独立截断),0.6422,0.4844,267.2267,0.0000,0.0000,NaN,NaN,0.0,85886.0,160778.1,547.0631,2.8990,2.8990,17677.6695,11227.1,10713.9,21941.0,0,62,NaN,NaN
Dim3_ImaxEscalation,Imax=3500,3500.0,C2b-SyncAlloc (提出复合方案),0.2232,0.2074,306.8457,0.0000,0.0000,NaN,NaN,148355.2,0.0,148355.2,400.6138,0.0000,0.0000,44474.3118,8811.9,10002.7,18814.7,0,160,NaN,NaN
Dim3_ImaxEscalation,Imax=4500,4500.0,C2a (独立截断),0.7734,0.5021,108.9295,0.0000,0.0000,2.9070,2.9070,0.0,55137.7,86583.1,343.5333,3.6162,3.6162,0.0000,20407.1,20377.4,40784.6,0,0,NaN,NaN
Dim3_ImaxEscalation,Imax=4500,4500.0,C2a-SyncAlloc (同步优先),0.2931,0.2289,148.7761,0.0000,0.0000,3.1120,3.1120,121436.6,0.0,121436.6,450.4852,0.0000,0.0000,0.0000,14065.6,16489.8,30555.4,0,0,NaN,NaN
Dim3_ImaxEscalation,Imax=4500,4500.0,C2b (独立截断),0.7734,0.5010,109.0416,0.0000,0.0000,2.9140,2.9140,0.0,42118.4,44716.1,200.9871,2.3258,2.3258,16263.2760,22424.4,22750.6,45175.0,0,0,NaN,NaN
Dim3_ImaxEscalation,Imax=4500,4500.0,C2b-SyncAlloc (提出复合方案),0.2931,0.2287,148.8106,0.0000,0.0000,3.1160,3.1160,60777.9,0.0,60777.9,228.3187,0.0000,0.0000,25360.5814,14065.4,16489.6,30555.0,0,0,NaN,NaN
Dim3_ImaxEscalation,Imax=6000,6000.0,C2a (独立截断),0.9935,0.3365,2.6590,0.1298,0.1298,2.0300,2.0300,0.0,1097.5,1097.5,40.6192,3.6410,3.6410,0.0000,29229.7,29087.1,58316.7,210,210,NaN,NaN
Dim3_ImaxEscalation,Imax=6000,6000.0,C2a-SyncAlloc (同步优先),0.4003,0.2535,6.8662,0.1298,0.1298,2.0300,2.0300,3600.9,0.0,3600.9,58.8092,0.0000,0.0000,0.0000,26037.3,29061.8,55099.1,210,210,NaN,NaN
Dim3_ImaxEscalation,Imax=6000,6000.0,C2b (独立截断),0.9935,0.3343,2.7200,0.1298,0.1298,2.0300,2.0300,0.0,575.0,575.0,24.9544,2.2981,2.2981,1862.2464,29229.5,29086.9,58316.5,210,210,NaN,NaN
Dim3_ImaxEscalation,Imax=6000,6000.0,C2b-SyncAlloc (提出复合方案),0.4003,0.2535,6.8722,0.1298,0.1298,2.0300,2.0300,1805.6,0.0,1805.6,35.3211,0.0000,0.0000,2706.7076,26037.0,29061.8,55098.9,210,210,NaN,NaN
Dim3_ImaxEscalation,Imax=8000,8000.0,C2a (独立截断),0.5092,0.2547,1.0891,0.1298,0.1298,2.0300,2.0300,0.0,0.0,0.0,0.0000,0.0000,0.0000,0.0000,32641.2,36311.2,68952.4,210,210,NaN,NaN
Dim3_ImaxEscalation,Imax=8000,8000.0,C2a-SyncAlloc (同步优先),0.5092,0.2547,1.0891,0.1298,0.1298,2.0300,2.0300,0.0,0.0,0.0,0.0000,0.0000,0.0000,0.0000,32641.2,36311.2,68952.4,210,210,NaN,NaN
Dim3_ImaxEscalation,Imax=8000,8000.0,C2b (独立截断),0.5092,0.2547,1.0891,0.1298,0.1298,2.0300,2.0300,0.0,0.0,0.0,0.0000,0.0000,0.0000,0.0000,32641.2,36311.2,68952.4,210,210,NaN,NaN
Dim3_ImaxEscalation,Imax=8000,8000.0,C2b-SyncAlloc (提出复合方案),0.5092,0.2547,1.0891,0.1298,0.1298,2.0300,2.0300,0.0,0.0,0.0,0.0000,0.0000,0.0000,0.0000,32641.2,36311.2,68952.4,210,210,NaN,NaN
Dim3_ImaxEscalation,Imax=12000,12000.0,C2a (独立截断),0.5092,0.2547,1.0891,0.1298,0.1298,2.0300,2.0300,0.0,0.0,0.0,0.0000,0.0000,0.0000,0.0000,32641.2,36311.2,68952.4,210,210,NaN,NaN
Dim3_ImaxEscalation,Imax=12000,12000.0,C2a-SyncAlloc (同步优先),0.5092,0.2547,1.0891,0.1298,0.1298,2.0300,2.0300,0.0,0.0,0.0,0.0000,0.0000,0.0000,0.0000,32641.2,36311.2,68952.4,210,210,NaN,NaN
Dim3_ImaxEscalation,Imax=12000,12000.0,C2b (独立截断),0.5092,0.2547,1.0891,0.1298,0.1298,2.0300,2.0300,0.0,0.0,0.0,0.0000,0.0000,0.0000,0.0000,32641.2,36311.2,68952.4,210,210,NaN,NaN
Dim3_ImaxEscalation,Imax=12000,12000.0,C2b-SyncAlloc (提出复合方案),0.5092,0.2547,1.0891,0.1298,0.1298,2.0300,2.0300,0.0,0.0,0.0,0.0000,0.0000,0.0000,0.0000,32641.2,36311.2,68952.4,210,210,NaN,NaN
Dim3_ImaxEscalation,Imax=16000,16000.0,C2a (独立截断),0.5092,0.2547,1.0891,0.1298,0.1298,2.0300,2.0300,0.0,0.0,0.0,0.0000,0.0000,0.0000,0.0000,32641.2,36311.2,68952.4,210,210,NaN,NaN
Dim3_ImaxEscalation,Imax=16000,16000.0,C2a-SyncAlloc (同步优先),0.5092,0.2547,1.0891,0.1298,0.1298,2.0300,2.0300,0.0,0.0,0.0,0.0000,0.0000,0.0000,0.0000,32641.2,36311.2,68952.4,210,210,NaN,NaN
Dim3_ImaxEscalation,Imax=16000,16000.0,C2b (独立截断),0.5092,0.2547,1.0891,0.1298,0.1298,2.0300,2.0300,0.0,0.0,0.0,0.0000,0.0000,0.0000,0.0000,32641.2,36311.2,68952.4,210,210,NaN,NaN
Dim3_ImaxEscalation,Imax=16000,16000.0,C2b-SyncAlloc (提出复合方案),0.5092,0.2547,1.0891,0.1298,0.1298,2.0300,2.0300,0.0,0.0,0.0,0.0000,0.0000,0.0000,0.0000,32641.2,36311.2,68952.4,210,210,NaN,NaN
Dim4A_ThrustAsym_Blind,ratio=0.70,4500.0,C2a (独立截断),0.2311,0.1697,107.8587,0.0000,0.0000,2.9070,2.9070,0.0,54708.4,85413.0,341.3767,4.3851,1.4320,0.0000,20887.4,21208.5,42095.9,0,0,NaN,NaN
Dim4A_ThrustAsym_Blind,ratio=0.70,4500.0,C2a-SyncAlloc (同步优先),0.0995,0.0795,123.9064,0.0000,0.0000,2.9880,2.9880,98894.9,0.0,98894.9,386.9080,2.9020,0.0000,0.0000,16493.8,15870.9,32364.7,0,0,NaN,NaN
Dim4A_ThrustAsym_Blind,ratio=0.70,4500.0,C2b (独立截断),0.2311,0.1695,107.9736,0.0000,0.0000,2.9130,2.9130,0.0,41649.0,44008.8,198.8305,4.0072,1.0541,16263.2861,22418.3,22414.3,44832.7,0,0,NaN,NaN
Dim4A_ThrustAsym_Blind,ratio=0.70,4500.0,C2b-SyncAlloc (提出复合方案),0.0995,0.0795,123.9529,0.0000,0.0000,2.9920,2.9920,49510.0,0.0,49510.0,196.2207,2.9020,0.0000,21767.1517,16493.8,15870.8,32364.7,0,0,NaN,NaN
Dim4B_ThrustAsym_Matched,ratio=0.70,4500.0,C2a (独立截断),0.2311,0.1746,109.2879,0.0000,0.0000,2.9090,2.9090,0.0,55154.1,93338.9,344.2442,5.1983,5.1983,0.0000,19328.2,20844.8,40173.0,0,0,NaN,NaN
Dim4B_ThrustAsym_Matched,ratio=0.70,4500.0,C2a-SyncAlloc (同步优先),0.2830,0.2260,176.1476,0.0000,0.0000,3.2710,3.2710,154470.0,0.0,154470.0,517.7096,0.0000,0.0000,0.0000,16127.5,14168.1,30295.6,0,1,NaN,NaN
Dim4B_ThrustAsym_Matched,ratio=0.70,4500.0,C2b (独立截断),0.2311,0.1738,109.3979,0.0000,0.0000,2.9150,2.9150,0.0,42791.0,51115.6,203.8979,10.8199,10.8199,16055.1944,21996.7,21729.8,43726.5,0,0,NaN,NaN
Dim4B_ThrustAsym_Matched,ratio=0.70,4500.0,C2b-SyncAlloc (提出复合方案),0.2830,0.2259,176.1722,0.0000,0.0000,3.2750,3.2740,77292.7,0.0,77292.7,262.4553,0.0000,0.0000,30539.1049,16124.7,14166.3,30291.0,0,1,NaN,NaN
Dim4A_ThrustAsym_Blind,ratio=0.85,4500.0,C2a (独立截断),0.3471,0.1942,108.0874,0.0000,0.0000,2.9040,2.9040,0.0,54807.4,85661.7,341.8473,1.4758,2.4588,0.0000,20798.5,21015.4,41813.9,0,0,NaN,NaN
Dim4A_ThrustAsym_Blind,ratio=0.85,4500.0,C2a-SyncAlloc (同步优先),0.1332,0.0878,122.6946,0.0000,0.0000,2.9750,2.9750,98120.4,0.0,98120.4,382.3840,1.3199,0.0000,0.0000,15514.0,16493.7,32007.7,0,0,NaN,NaN
Dim4A_ThrustAsym_Blind,ratio=0.85,4500.0,C2b (独立截断),0.3471,0.1938,108.2019,0.0000,0.0000,2.9100,2.9100,0.0,41754.2,44156.7,199.3008,1.3262,1.7145,16263.2966,22422.5,22510.6,44933.1,0,0,NaN,NaN
Dim4A_ThrustAsym_Blind,ratio=0.85,4500.0,C2b-SyncAlloc (提出复合方案),0.1332,0.0877,122.7419,0.0000,0.0000,2.9790,2.9790,49122.9,0.0,49122.9,193.7110,1.3199,0.0000,21537.0743,15514.0,16493.7,32007.6,0,0,NaN,NaN
Dim4B_ThrustAsym_Matched,ratio=0.85,4500.0,C2a (独立截断),0.3438,0.2054,107.7804,0.0000,0.0000,2.9040,2.9040,0.0,54657.7,86228.6,341.2284,0.6190,0.6190,0.0000,20687.3,21428.6,42115.9,0,0,NaN,NaN
Dim4B_ThrustAsym_Matched,ratio=0.85,4500.0,C2a-SyncAlloc (同步优先),0.3185,0.2331,112.3873,0.0000,0.0000,2.9270,2.9270,90012.9,0.0,90012.9,354.9715,0.0000,0.0000,0.0000,16360.9,16606.6,32967.5,0,0,NaN,NaN
Dim4B_ThrustAsym_Matched,ratio=0.85,4500.0,C2b (独立截断),0.3438,0.2053,107.8953,0.0000,0.0000,2.9100,2.9100,0.0,41680.3,44859.9,198.7172,3.7844,3.7844,16261.1020,22786.7,22388.7,45175.3,0,0,NaN,NaN
Dim4B_ThrustAsym_Matched,ratio=0.85,4500.0,C2b-SyncAlloc (提出复合方案),0.3185,0.2328,112.4776,0.0000,0.0000,2.9320,2.9320,45105.3,0.0,45105.3,179.8880,0.0000,0.0000,20184.1455,20566.6,21341.0,41907.6,0,0,NaN,NaN
Dim4A_ThrustAsym_Blind,ratio=1.00,4500.0,C2a (独立截断),0.7734,0.5021,108.9295,0.0000,0.0000,2.9070,2.9070,0.0,55137.7,86583.1,343.5333,3.6162,3.6162,0.0000,20407.1,20377.4,40784.6,0,0,NaN,NaN
Dim4A_ThrustAsym_Blind,ratio=1.00,4500.0,C2a-SyncAlloc (同步优先),0.2931,0.2289,148.7761,0.0000,0.0000,3.1120,3.1120,121436.6,0.0,121436.6,450.4852,0.0000,0.0000,0.0000,14065.6,16489.8,30555.4,0,0,NaN,NaN
Dim4A_ThrustAsym_Blind,ratio=1.00,4500.0,C2b (独立截断),0.7734,0.5010,109.0416,0.0000,0.0000,2.9140,2.9140,0.0,42118.4,44716.1,200.9871,2.3258,2.3258,16263.2760,22424.4,22750.6,45175.0,0,0,NaN,NaN
Dim4A_ThrustAsym_Blind,ratio=1.00,4500.0,C2b-SyncAlloc (提出复合方案),0.2931,0.2287,148.8106,0.0000,0.0000,3.1160,3.1160,60777.9,0.0,60777.9,228.3187,0.0000,0.0000,25360.5814,14065.4,16489.6,30555.0,0,0,NaN,NaN
Dim4B_ThrustAsym_Matched,ratio=1.00,4500.0,C2a (独立截断),0.7734,0.5021,108.9295,0.0000,0.0000,2.9070,2.9070,0.0,55137.7,86583.1,343.5333,3.6162,3.6162,0.0000,20407.1,20377.4,40784.6,0,0,NaN,NaN
Dim4B_ThrustAsym_Matched,ratio=1.00,4500.0,C2a-SyncAlloc (同步优先),0.2931,0.2289,148.7761,0.0000,0.0000,3.1120,3.1120,121436.6,0.0,121436.6,450.4852,0.0000,0.0000,0.0000,14065.6,16489.8,30555.4,0,0,NaN,NaN
Dim4B_ThrustAsym_Matched,ratio=1.00,4500.0,C2b (独立截断),0.7734,0.5010,109.0416,0.0000,0.0000,2.9140,2.9140,0.0,42118.4,44716.1,200.9871,2.3258,2.3258,16263.2760,22424.4,22750.6,45175.0,0,0,NaN,NaN
Dim4B_ThrustAsym_Matched,ratio=1.00,4500.0,C2b-SyncAlloc (提出复合方案),0.2931,0.2287,148.8106,0.0000,0.0000,3.1160,3.1160,60777.9,0.0,60777.9,228.3187,0.0000,0.0000,25360.5814,14065.4,16489.6,30555.0,0,0,NaN,NaN
Dim4A_ThrustAsym_Blind,ratio=1.15,4500.0,C2a (独立截断),1.1440,0.7698,109.5617,0.0000,0.0000,2.9130,2.9130,0.0,55375.2,87239.5,344.7869,4.8756,3.7081,0.0000,20179.4,19806.7,39986.1,0,0,NaN,NaN
Dim4A_ThrustAsym_Blind,ratio=1.15,4500.0,C2a-SyncAlloc (同步优先),0.4345,0.3593,173.4220,0.0000,0.0000,3.2510,3.2520,144665.3,0.0,144665.3,509.9563,1.0543,0.0000,0.0000,12975.4,16455.4,29430.8,0,1,NaN,NaN
Dim4A_ThrustAsym_Blind,ratio=1.15,4500.0,C2b (独立截断),1.1440,0.7677,109.6718,0.0000,0.0000,2.9190,2.9190,0.0,42378.8,45107.9,202.2404,3.6606,2.4931,16263.2905,22425.8,22931.6,45357.4,0,0,NaN,NaN
Dim4A_ThrustAsym_Blind,ratio=1.15,4500.0,C2b-SyncAlloc (提出复合方案),0.4345,0.3591,173.4492,0.0000,0.0000,3.2550,3.2550,72389.3,0.0,72389.3,258.6702,1.0543,0.0000,28685.2415,12973.7,16453.2,29426.9,0,1,NaN,NaN
Dim4B_ThrustAsym_Matched,ratio=1.15,4500.0,C2a (独立截断),1.1421,0.7631,110.2648,0.0000,0.0000,2.9120,2.9120,0.0,55622.1,89491.0,346.1927,4.8872,4.8872,0.0000,20037.8,18936.1,38973.9,0,0,NaN,NaN
Dim4B_ThrustAsym_Matched,ratio=1.15,4500.0,C2a-SyncAlloc (同步优先),0.2704,0.2244,193.8343,0.0000,0.0000,3.3680,3.3680,166455.4,0.0,166455.4,556.4389,0.0000,0.0000,0.0000,11959.7,16151.7,28111.4,0,2,NaN,NaN
Dim4B_ThrustAsym_Matched,ratio=1.15,4500.0,C2b (独立截断),1.1421,0.7607,110.3717,0.0000,0.0000,2.9180,2.9180,0.0,42833.7,47004.3,203.6969,6.6342,6.6342,16259.7603,22124.2,22559.1,44683.3,0,0,NaN,NaN
Dim4B_ThrustAsym_Matched,ratio=1.15,4500.0,C2b-SyncAlloc (提出复合方案),0.2704,0.2243,193.8602,0.0000,0.0000,3.3720,3.3720,83284.0,0.0,83284.0,282.0677,0.0000,0.0000,31551.8082,11948.0,16136.3,28084.3,0,2,NaN,NaN
Dim4A_ThrustAsym_Blind,ratio=1.30,4500.0,C2a (独立截断),1.4683,1.0050,109.8839,0.0000,0.0000,2.9190,2.9190,0.0,55498.2,87548.0,345.4164,5.6026,3.4199,0.0000,20182.7,19391.1,39573.8,0,0,NaN,NaN
Dim4A_ThrustAsym_Blind,ratio=1.30,4500.0,C2a-SyncAlloc (同步优先),0.5661,0.4854,195.9476,0.0000,0.0000,3.3860,3.3880,166964.0,0.0,166964.0,560.8638,1.9240,0.0000,0.0000,11979.0,16152.5,28131.5,0,2,NaN,NaN
Dim4A_ThrustAsym_Blind,ratio=1.30,4500.0,C2b (独立截断),1.4683,1.0018,109.9937,0.0000,0.0000,2.9260,2.9260,0.0,42506.3,45284.2,202.8694,4.5069,2.3241,16263.3141,22427.3,22940.1,45367.4,0,0,NaN,NaN
Dim4A_ThrustAsym_Blind,ratio=1.30,4500.0,C2b-SyncAlloc (提出复合方案),0.5661,0.4851,195.9785,0.0000,0.0000,3.3900,3.3920,83540.6,0.0,83540.6,284.7372,1.9240,0.0000,31524.5388,11961.6,16130.7,28092.3,0,2,NaN,NaN
Dim4B_ThrustAsym_Matched,ratio=1.30,4500.0,C2a (独立截断),1.4612,0.9923,111.3704,0.0000,0.0000,2.9150,2.9150,0.0,56008.2,93397.8,348.3785,5.5807,5.5807,0.0000,19987.6,17153.7,37141.3,0,0,NaN,NaN
Dim4B_ThrustAsym_Matched,ratio=1.30,4500.0,C2a-SyncAlloc (同步优先),0.2509,0.2197,240.9465,0.0000,0.0000,NaN,NaN,221483.7,0.0,221483.7,656.1870,0.0000,0.0000,0.0000,9605.1,14325.6,23930.7,0,35,NaN,NaN
Dim4B_ThrustAsym_Matched,ratio=1.30,4500.0,C2b (独立截断),1.4612,0.9888,111.4753,0.0000,0.0000,2.9210,2.9210,0.0,43514.4,50374.9,206.2337,9.9655,9.9655,16223.2362,21892.8,21869.2,43762.0,0,0,NaN,NaN
Dim4B_ThrustAsym_Matched,ratio=1.30,4500.0,C2b-SyncAlloc (提出复合方案),0.2509,0.2196,240.9444,0.0000,0.0000,NaN,NaN,110780.6,0.0,110780.6,332.5711,0.0000,0.0000,37893.2283,9598.3,14324.1,23922.4,0,35,NaN,NaN
Dim5_AW_Tuning,Kaw=0_lam=5,4500.0,C2b-SyncAlloc,0.2931,0.2289,148.7761,0.0000,0.0000,3.1120,3.1120,121436.6,0.0,121436.6,450.4852,0.0000,0.0000,0.0000,14065.6,16489.8,30555.4,0,0,NaN,NaN
Dim5_AW_Tuning,Kaw=0_lam=10,4500.0,C2b-SyncAlloc,0.2931,0.2289,148.7761,0.0000,0.0000,3.1120,3.1120,121436.6,0.0,121436.6,450.4852,0.0000,0.0000,0.0000,14065.6,16489.8,30555.4,0,0,NaN,NaN
Dim5_AW_Tuning,Kaw=0_lam=20,4500.0,C2b-SyncAlloc,0.2931,0.2289,148.7761,0.0000,0.0000,3.1120,3.1120,121436.6,0.0,121436.6,450.4852,0.0000,0.0000,0.0000,14065.6,16489.8,30555.4,0,0,NaN,NaN
Dim5_AW_Tuning,Kaw=0_lam=40,4500.0,C2b-SyncAlloc,0.2931,0.2289,148.7761,0.0000,0.0000,3.1120,3.1120,121436.6,0.0,121436.6,450.4852,0.0000,0.0000,0.0000,14065.6,16489.8,30555.4,0,0,NaN,NaN
Dim5_AW_Tuning,Kaw=0_lam=80,4500.0,C2b-SyncAlloc,0.2931,0.2289,148.7761,0.0000,0.0000,3.1120,3.1120,121436.6,0.0,121436.6,450.4852,0.0000,0.0000,0.0000,14065.6,16489.8,30555.4,0,0,NaN,NaN
Dim5_AW_Tuning,Kaw=5_lam=5,4500.0,C2b-SyncAlloc,0.2931,0.2282,149.2740,0.0000,0.0000,3.2130,3.2130,61751.7,0.0,61751.7,237.5553,0.0000,0.0000,24332.6653,14047.1,16467.6,30514.7,0,1,NaN,NaN
Dim5_AW_Tuning,Kaw=5_lam=10,4500.0,C2b-SyncAlloc,0.2931,0.2286,148.8677,0.0000,0.0000,3.1260,3.1260,81198.0,0.0,81198.0,305.7926,0.0000,0.0000,16517.2428,14064.8,16488.9,30553.7,0,0,NaN,NaN
Dim5_AW_Tuning,Kaw=5_lam=20,4500.0,C2b-SyncAlloc,0.2931,0.2288,148.7922,0.0000,0.0000,3.1140,3.1140,97195.2,0.0,97195.2,362.3569,0.0000,0.0000,10060.0111,14065.5,16489.7,30555.2,0,0,NaN,NaN
Dim5_AW_Tuning,Kaw=5_lam=40,4500.0,C2b-SyncAlloc,0.2931,0.2289,148.7786,0.0000,0.0000,3.1120,3.1120,107951.0,0.0,107951.0,401.0389,0.0000,0.0000,5644.3435,14065.6,16489.8,30555.4,0,0,NaN,NaN
Dim5_AW_Tuning,Kaw=5_lam=80,4500.0,C2b-SyncAlloc,0.2931,0.2289,148.7765,0.0000,0.0000,3.1120,3.1120,114294.4,0.0,114294.4,424.1564,0.0000,0.0000,3005.4509,14065.6,16489.8,30555.4,0,0,NaN,NaN
Dim5_AW_Tuning,Kaw=10_lam=5,4500.0,C2b-SyncAlloc,0.2931,0.2280,149.4231,0.0000,0.0000,3.2250,3.2250,41297.4,0.0,41297.4,161.1065,0.0000,0.0000,33036.4311,16603.9,18961.1,35565.1,0,1,NaN,NaN
Dim5_AW_Tuning,Kaw=10_lam=10,4500.0,C2b-SyncAlloc,0.2931,0.2285,148.9026,0.0000,0.0000,3.1300,3.1300,60959.2,0.0,60959.2,231.3954,0.0000,0.0000,25009.8067,14064.6,16488.6,30553.2,0,0,NaN,NaN
Dim5_AW_Tuning,Kaw=10_lam=20,4500.0,C2b-SyncAlloc,0.2931,0.2288,148.8013,0.0000,0.0000,3.1150,3.1150,81016.7,0.0,81016.7,303.0578,0.0000,0.0000,16829.0711,14065.5,16489.7,30555.1,0,0,NaN,NaN
Dim5_AW_Tuning,Kaw=10_lam=40,4500.0,C2b-SyncAlloc,0.2931,0.2289,148.7804,0.0000,0.0000,3.1120,3.1120,97160.6,0.0,97160.6,361.3725,0.0000,0.0000,10172.2957,14065.6,16489.8,30555.4,0,0,NaN,NaN
Dim5_AW_Tuning,Kaw=10_lam=80,4500.0,C2b-SyncAlloc,0.2931,0.2289,148.7768,0.0000,0.0000,3.1120,3.1120,107945.5,0.0,107945.5,400.7351,0.0000,0.0000,5679.0016,14065.6,16489.8,30555.4,0,0,NaN,NaN
Dim5_AW_Tuning,Kaw=20_lam=5,4500.0,C2b-SyncAlloc,0.2931,0.2279,149.6133,0.0000,0.0000,3.2330,3.2330,24854.3,0.0,24854.3,97.9774,0.0000,0.0000,40242.9026,18261.8,20574.8,38836.6,0,1,NaN,NaN
Dim5_AW_Tuning,Kaw=20_lam=10,4500.0,C2b-SyncAlloc,0.2931,0.2285,148.9293,0.0000,0.0000,3.1330,3.1330,40668.3,0.0,40668.3,155.6309,0.0000,0.0000,33658.3422,14064.4,16488.4,30552.8,0,0,NaN,NaN
Dim5_AW_Tuning,Kaw=20_lam=20,4500.0,C2b-SyncAlloc,0.2931,0.2287,148.8106,0.0000,0.0000,3.1160,3.1160,60777.9,0.0,60777.9,228.3187,0.0000,0.0000,25360.5814,14065.4,16489.6,30555.0,0,0,NaN,NaN
Dim5_AW_Tuning,Kaw=20_lam=40,4500.0,C2b-SyncAlloc,0.2931,0.2288,148.7828,0.0000,0.0000,3.1130,3.1130,80972.3,0.0,80972.3,301.6906,0.0000,0.0000,16985.0196,14065.6,16489.8,30555.4,0,0,NaN,NaN
Dim5_AW_Tuning,Kaw=20_lam=80,4500.0,C2b-SyncAlloc,0.2931,0.2289,148.7772,0.0000,0.0000,3.1120,3.1120,97152.1,0.0,97152.1,360.8803,0.0000,0.0000,10228.4416,14065.6,16489.8,30555.4,0,0,NaN,NaN
Dim5_AW_Tuning,Kaw=40_lam=5,4500.0,C2b-SyncAlloc,0.2931,0.2278,149.7236,0.0000,0.0000,3.2380,3.2380,13831.3,0.0,13831.3,54.9183,0.0000,0.0000,45158.1768,18577.8,20875.1,39452.9,0,1,NaN,NaN
Dim5_AW_Tuning,Kaw=40_lam=10,4500.0,C2b-SyncAlloc,0.2931,0.2284,148.9440,0.0000,0.0000,3.1340,3.1350,24410.0,0.0,24410.0,94.0348,0.0000,0.0000,40689.4705,14064.3,16488.2,30552.5,0,0,NaN,NaN
Dim5_AW_Tuning,Kaw=40_lam=20,4500.0,C2b-SyncAlloc,0.2931,0.2287,148.8174,0.0000,0.0000,3.1160,3.1160,40525.9,0.0,40525.9,152.8961,0.0000,0.0000,33970.0760,14065.4,16489.6,30555.0,0,0,NaN,NaN
Dim5_AW_Tuning,Kaw=40_lam=40,4500.0,C2b-SyncAlloc,0.2931,0.2288,148.7852,0.0000,0.0000,3.1130,3.1130,60733.0,0.0,60733.0,226.7806,0.0000,0.0000,25536.0173,14065.6,16489.8,30555.3,0,0,NaN,NaN
Dim5_AW_Tuning,Kaw=40_lam=80,4500.0,C2b-SyncAlloc,0.2931,0.2289,148.7778,0.0000,0.0000,3.1120,3.1120,80961.3,0.0,80961.3,301.0070,0.0000,0.0000,17062.9995,14065.6,16489.8,30555.4,0,0,NaN,NaN
Dim5_AW_Tuning,Kaw=80_lam=5,4500.0,C2b-SyncAlloc,0.2931,0.2278,149.7690,0.0000,0.0000,3.2400,3.2400,7327.4,0.0,7327.4,29.2263,0.0000,0.0000,48091.8310,18719.0,21011.0,39730.0,0,1,NaN,NaN
Dim5_AW_Tuning,Kaw=80_lam=10,4500.0,C2b-SyncAlloc,0.2931,0.2284,148.9500,0.0000,0.0000,3.1350,3.1350,13563.0,0.0,13563.0,52.4846,0.0000,0.0000,45432.3454,14064.3,16488.2,30552.5,0,0,NaN,NaN
Dim5_AW_Tuning,Kaw=80_lam=20,4500.0,C2b-SyncAlloc,0.2931,0.2287,148.8209,0.0000,0.0000,3.1170,3.1170,24317.7,0.0,24317.7,92.0658,0.0000,0.0000,40913.8205,14065.4,16489.6,30554.9,0,0,NaN,NaN
Dim5_AW_Tuning,Kaw=80_lam=40,4500.0,C2b-SyncAlloc,0.2931,0.2288,148.7869,0.0000,0.0000,3.1130,3.1130,40490.5,0.0,40490.5,151.5289,0.0000,0.0000,34126.0071,14065.5,16489.8,30555.3,0,0,NaN,NaN
Dim5_AW_Tuning,Kaw=80_lam=80,4500.0,C2b-SyncAlloc,0.2931,0.2289,148.7784,0.0000,0.0000,3.1120,3.1120,60721.9,0.0,60721.9,226.0116,0.0000,0.0000,25623.7433,14065.6,16489.8,30555.4,0,0,NaN,NaN
Dim6_LoadTransfer,Fwd4.5kg_Sw3.3s_Rev0.5kg,4500.0,C2a (独立截断),0.9198,0.5008,108.0730,0.0000,0.0000,2.9090,2.9070,0.0,54785.1,85668.2,353.2459,3.6961,3.6961,0.0000,20476.5,19561.7,40038.2,0,0,1.716648e-05,4.302950e-05
Dim6_LoadTransfer,Fwd4.5kg_Sw3.3s_Rev0.5kg,4500.0,C2a-SyncAlloc (同步优先),0.3399,0.2295,147.6829,0.0000,0.0000,3.1220,3.1010,120179.0,0.0,120179.0,463.0782,0.0000,0.0000,0.0000,14355.5,16488.3,30843.8,0,0,5.676125e-04,3.261607e-04
Dim6_LoadTransfer,Fwd4.5kg_Sw3.3s_Rev0.5kg,4500.0,C2b (独立截断),0.9198,0.4995,108.1804,0.0000,0.0000,2.9150,2.9130,0.0,41692.0,44215.8,210.6958,2.3053,2.3053,16263.4124,21902.0,22318.6,44220.6,0,0,1.872148e-05,4.572903e-05
Dim6_LoadTransfer,Fwd4.5kg_Sw3.3s_Rev0.5kg,4500.0,C2b-SyncAlloc (提出复合方案),0.3399,0.2294,147.7177,0.0000,0.0000,3.1260,3.1050,60149.0,0.0,60149.0,234.6148,0.0000,0.0000,26078.9326,14355.3,16488.0,30843.3,0,0,6.091201e-04,3.355879e-04
Dim6_LoadTransfer,Fwd4.5kg_Sw3.3s_Rev0.5kg,4500.0,C0 (独立级联 PID),0.7831,0.5145,224.5400,1.5935,1.1958,3.4020,3.3970,0.0,41684.6,64713.1,NaN,NaN,NaN,0.0000,28506.3,30469.6,58975.9,332,256,-2.972705e-03,-6.278153e-04
Dim6_LoadTransfer,Fwd4.5kg_Sw3.3s_Rev0.5kg,4500.0,C1 (传统交叉耦合 CCC),0.7843,0.5064,225.3967,1.5897,1.1956,3.4070,3.4020,0.0,41639.6,64848.7,NaN,NaN,NaN,0.0000,28389.0,30430.8,58819.8,327,251,-2.914188e-03,-5.602147e-04
